Workbook
Name Drift.1: 'DATABASE-DRIFT_LATENT_HP_ERROR'!$B$16:$B$23
Name Drift.10: 'DATABASE-DRIFT_LATENT_HP_ERROR'!$B$71:$B$76
Name Drift.2: 'DATABASE-DRIFT_LATENT_HP_ERROR'!$B$24:$B$28
Name Drift.3: 'DATABASE-DRIFT_LATENT_HP_ERROR'!$B$29:$B$34
Name Drift.4: 'DATABASE-DRIFT_LATENT_HP_ERROR'!$B$35:$B$40
Name Drift.5: 'DATABASE-DRIFT_LATENT_HP_ERROR'!$B$41:$B$46
Name Drift.6: 'DATABASE-DRIFT_LATENT_HP_ERROR'!$B$47:$B$52
Name Drift.7: 'DATABASE-DRIFT_LATENT_HP_ERROR'!$B$53:$B$58
Name Drift.8: 'DATABASE-DRIFT_LATENT_HP_ERROR'!$B$59:$B$64
Name Drift.9: 'DATABASE-DRIFT_LATENT_HP_ERROR'!$B$65:$B$70
Name Drift.Code: 'DATABASE-DRIFT_LATENT_HP_ERROR'!$B$4:$B$13
Name DRIFT_LEVEL_1: 'DATABASE-DRIFT_LATENT_HP_ERROR'!$A$4:$A$13
Name Error_Traps.L1: 'DATABASE-DRIFT_LATENT_HP_ERROR'!$K$5:$K$8
Name ErrorTrap.1: 'DATABASE-DRIFT_LATENT_HP_ERROR'!$L$14:$L$20
Name ErrorTrap.2: 'DATABASE-DRIFT_LATENT_HP_ERROR'!$L$21:$L$27
Name ErrorTrap.3: 'DATABASE-DRIFT_LATENT_HP_ERROR'!$L$28:$L$32
Name ErrorTrap.4: 'DATABASE-DRIFT_LATENT_HP_ERROR'!$L$33:$L$37
Name HP.tools: 'DATABASE-DRIFT_LATENT_HP_ERROR'!$F$14:$F$77
Name Latent.1: 'DATABASE-DRIFT_LATENT_HP_ERROR'!$B$89:$B$100
Name Latent.2: 'DATABASE-DRIFT_LATENT_HP_ERROR'!$B$101:$B$111
Name Latent.3: 'DATABASE-DRIFT_LATENT_HP_ERROR'!$B$112:$B$120
Name Latent.4: 'DATABASE-DRIFT_LATENT_HP_ERROR'!$B$121:$B$129
Name Latent.5: 'DATABASE-DRIFT_LATENT_HP_ERROR'!$B$130:$B$137
Name Latent_Level.1: 'DATABASE-DRIFT_LATENT_HP_ERROR'!$A$81:$A$85
Name VV_Protocols: 'DATABASE-DRIFT_LATENT_HP_ERROR'!$A$143:$A$155

Sheet INPUT-SIF_Questions
A1: Obs_ID | B1: Observation_Sequence | C1: PSIE_Eligible | D1: Baseline_Obs_ID | E1: Improvement_ID | F1: Observation_Status | G1: Active_Observation | H1: Protocols_code | I1: Protocols_name | J1: Question_Ref | K1: CCVC_ID | L1: Observation_Question | M1: YES | N1: NO | O1: NA | P1: Comments | Q1: SIF_Exposure | R1: Critical_Safeguard | S1: Observation_Date | T1: Year | U1: Quarter | V1: Zona | W1: Site | X1: Area_Equipment | Y1: Activity | Z1: Company | AA1: Observer_1 | AB1: Observer_2 | AC1: Observer_3 | AD1: SC_name | AE1: AA_name | AF1: PA_name
A2: OBS-001 | B2: 1 | C2: N | F2: =IF(A2="","",IF(B2=1,"Baseline",IF(C2="Y","Reverification","Follow-up"))) -> Baseline | G2: =IF(A2="","",IF(COUNTIFS($V$2:$V$300,V2,$H$2:$H$300,H2,$B$2:$B$300,">"&B2)=0,"Y","N")) -> Y | H2: WAH | I2: =IFERROR(VLOOKUP(H2,'DATABASE-DRIFT_LATENT_HP_ERROR'!$A$143:$B$160,2,FALSE()),"") -> Work at Height | J2: A | K2: CLSR07-A | L2: Pemahaman fall restraint vs fall arrest | N2: 1 | P2: Crew belum memahami hierarchy of control | Q2: Fall from height | R2: Fall Protection | S2: 46156 | T2: =IF(S2="","",YEAR(S2)) -> 2026 | U2: =IF(S2="","","TW "&CHOOSE(ROUNDUP(MONTH(S2)/3,0),"I","II","III","IV")) -> TW II | V2: 13 | W2: CPP MATINDOK | X2: GTG Area | Y2: Scaffolding Dismantling | Z2: PT Petro Teknik Konstruksi | AA2: Iman Sudirman | AB2: Endong Darwilisan Yahya | AC2: Wayan Edi Wijaya
A3: OBS-001 | B3: 1 | C3: N | F3: =IF(A3="","",IF(B3=1,"Baseline",IF(C3="Y","Reverification","Follow-up"))) -> Baseline | G3: =IF(A3="","",IF(COUNTIFS($V$2:$V$300,V3,$H$2:$H$300,H3,$B$2:$B$300,">"&B3)=0,"Y","N")) -> Y | H3: WAH | I3: =IFERROR(VLOOKUP(H3,'DATABASE-DRIFT_LATENT_HP_ERROR'!$A$143:$B$160,2,FALSE()),"") -> Work at Height | J3: B | K3: CLSR07-B | L3: Pemahaman restraint vs arrest lanyard | N3: 1 | P3: Perbedaan fungsi belum dipahami | Q3: Fall from height | R3: Correct Equipment | S3: 46156 | T3: =IF(S3="","",YEAR(S3)) -> 2026 | U3: =IF(S3="","","TW "&CHOOSE(ROUNDUP(MONTH(S3)/3,0),"I","II","III","IV")) -> TW II | V3: 13 | W3: CPP MATINDOK | X3: GTG Area | Y3: Scaffolding Dismantling | Z3: PT Petro Teknik Konstruksi | AA3: Iman Sudirman | AB3: Endong Darwilisan Yahya | AC3: Wayan Edi Wijaya
A4: OBS-001 | B4: 1 | C4: N | F4: =IF(A4="","",IF(B4=1,"Baseline",IF(C4="Y","Reverification","Follow-up"))) -> Baseline | G4: =IF(A4="","",IF(COUNTIFS($V$2:$V$300,V4,$H$2:$H$300,H4,$B$2:$B$300,">"&B4)=0,"Y","N")) -> Y | H4: WAH | I4: =IFERROR(VLOOKUP(H4,'DATABASE-DRIFT_LATENT_HP_ERROR'!$A$143:$B$160,2,FALSE()),"") -> Work at Height | J4: C | K4: CLSR07-C | L4: Free fall distance calculation | N4: 1 | P4: Tidak ada free fall calculation | Q4: Fatality | R4: Engineering Safeguard | S4: 46156 | T4: =IF(S4="","",YEAR(S4)) -> 2026 | U4: =IF(S4="","","TW "&CHOOSE(ROUNDUP(MONTH(S4)/3,0),"I","II","III","IV")) -> TW II | V4: 13 | W4: CPP MATINDOK | X4: GTG Area | Y4: Scaffolding Dismantling | Z4: PT Petro Teknik Konstruksi | AA4: Iman Sudirman | AB4: Endong Darwilisan Yahya | AC4: Wayan Edi Wijaya
A5: OBS-001 | B5: 1 | C5: N | F5: =IF(A5="","",IF(B5=1,"Baseline",IF(C5="Y","Reverification","Follow-up"))) -> Baseline | G5: =IF(A5="","",IF(COUNTIFS($V$2:$V$300,V5,$H$2:$H$300,H5,$B$2:$B$300,">"&B5)=0,"Y","N")) -> Y | H5: WAH | I5: =IFERROR(VLOOKUP(H5,'DATABASE-DRIFT_LATENT_HP_ERROR'!$A$143:$B$160,2,FALSE()),"") -> Work at Height | J5: D | K5: CLSR07-D | L5: Anchorage point verification | M5: 1 | P5: Anchorage cukup kuat | Q5: Fall Protection | R5: Anchorage Integrity | S5: 46156 | T5: =IF(S5="","",YEAR(S5)) -> 2026 | U5: =IF(S5="","","TW "&CHOOSE(ROUNDUP(MONTH(S5)/3,0),"I","II","III","IV")) -> TW II | V5: 13 | W5: CPP MATINDOK | X5: GTG Area | Y5: Scaffolding Dismantling | Z5: PT Petro Teknik Konstruksi | AA5: Iman Sudirman | AB5: Endong Darwilisan Yahya | AC5: Wayan Edi Wijaya
A6: OBS-001 | B6: 1 | C6: N | F6: =IF(A6="","",IF(B6=1,"Baseline",IF(C6="Y","Reverification","Follow-up"))) -> Baseline | G6: =IF(A6="","",IF(COUNTIFS($V$2:$V$300,V6,$H$2:$H$300,H6,$B$2:$B$300,">"&B6)=0,"Y","N")) -> Y | H6: WAH | I6: =IFERROR(VLOOKUP(H6,'DATABASE-DRIFT_LATENT_HP_ERROR'!$A$143:$B$160,2,FALSE()),"") -> Work at Height | J6: E | K6: CLSR07-E | L6: 100% tie off | M6: 1 | P6: Crew melakukan 100% tie off | Q6: Fall Protection | R6: Continuous Connection | S6: 46156 | T6: =IF(S6="","",YEAR(S6)) -> 2026 | U6: =IF(S6="","","TW "&CHOOSE(ROUNDUP(MONTH(S6)/3,0),"I","II","III","IV")) -> TW II | V6: 13 | W6: CPP MATINDOK | X6: GTG Area | Y6: Scaffolding Dismantling | Z6: PT Petro Teknik Konstruksi | AA6: Iman Sudirman | AB6: Endong Darwilisan Yahya | AC6: Wayan Edi Wijaya
A7: OBS-001 | B7: 1 | C7: N | F7: =IF(A7="","",IF(B7=1,"Baseline",IF(C7="Y","Reverification","Follow-up"))) -> Baseline | G7: =IF(A7="","",IF(COUNTIFS($V$2:$V$300,V7,$H$2:$H$300,H7,$B$2:$B$300,">"&B7)=0,"Y","N")) -> Y | H7: WAH | I7: =IFERROR(VLOOKUP(H7,'DATABASE-DRIFT_LATENT_HP_ERROR'!$A$143:$B$160,2,FALSE()),"") -> Work at Height | J7: F | K7: CLSR07-F | L7: Swing fall prevention | N7: 1 | P7: Swing fall belum diperhitungkan | Q7: Secondary impact | R7: Safe Anchorage | S7: 46156 | T7: =IF(S7="","",YEAR(S7)) -> 2026 | U7: =IF(S7="","","TW "&CHOOSE(ROUNDUP(MONTH(S7)/3,0),"I","II","III","IV")) -> TW II | V7: 13 | W7: CPP MATINDOK | X7: GTG Area | Y7: Scaffolding Dismantling | Z7: PT Petro Teknik Konstruksi | AA7: Iman Sudirman | AB7: Endong Darwilisan Yahya | AC7: Wayan Edi Wijaya
A8: OBS-001 | B8: 1 | C8: N | F8: =IF(A8="","",IF(B8=1,"Baseline",IF(C8="Y","Reverification","Follow-up"))) -> Baseline | G8: =IF(A8="","",IF(COUNTIFS($V$2:$V$300,V8,$H$2:$H$300,H8,$B$2:$B$300,">"&B8)=0,"Y","N")) -> Y | H8: WAH | I8: =IFERROR(VLOOKUP(H8,'DATABASE-DRIFT_LATENT_HP_ERROR'!$A$143:$B$160,2,FALSE()),"") -> Work at Height | J8: G | K8: CLSR07-G | L8: Inspection equipment | M8: 1 | P8: Harness dan lanyard diperiksa | Q8: Equipment Integrity | R8: Equipment Inspection | S8: 46156 | T8: =IF(S8="","",YEAR(S8)) -> 2026 | U8: =IF(S8="","","TW "&CHOOSE(ROUNDUP(MONTH(S8)/3,0),"I","II","III","IV")) -> TW II | V8: 13 | W8: CPP MATINDOK | X8: GTG Area | Y8: Scaffolding Dismantling | Z8: PT Petro Teknik Konstruksi | AA8: Iman Sudirman | AB8: Endong Darwilisan Yahya | AC8: Wayan Edi Wijaya
A9: OBS-001 | B9: 1 | C9: N | F9: =IF(A9="","",IF(B9=1,"Baseline",IF(C9="Y","Reverification","Follow-up"))) -> Baseline | G9: =IF(A9="","",IF(COUNTIFS($V$2:$V$300,V9,$H$2:$H$300,H9,$B$2:$B$300,">"&B9)=0,"Y","N")) -> Y | H9: WAH | I9: =IFERROR(VLOOKUP(H9,'DATABASE-DRIFT_LATENT_HP_ERROR'!$A$143:$B$160,2,FALSE()),"") -> Work at Height | J9: H | K9: CLSR07-H | L9: Correct harness use | M9: 1 | P9: Harness digunakan dengan benar | Q9: Fall Protection | R9: Proper Harness Use | S9: 46156 | T9: =IF(S9="","",YEAR(S9)) -> 2026 | U9: =IF(S9="","","TW "&CHOOSE(ROUNDUP(MONTH(S9)/3,0),"I","II","III","IV")) -> TW II | V9: 13 | W9: CPP MATINDOK | X9: GTG Area | Y9: Scaffolding Dismantling | Z9: PT Petro Teknik Konstruksi | AA9: Iman Sudirman | AB9: Endong Darwilisan Yahya | AC9: Wayan Edi Wijaya
A10: OBS-001 | B10: 1 | C10: N | F10: =IF(A10="","",IF(B10=1,"Baseline",IF(C10="Y","Reverification","Follow-up"))) -> Baseline | G10: =IF(A10="","",IF(COUNTIFS($V$2:$V$300,V10,$H$2:$H$300,H10,$B$2:$B$300,">"&B10)=0,"Y","N")) -> Y | H10: WAH | I10: =IFERROR(VLOOKUP(H10,'DATABASE-DRIFT_LATENT_HP_ERROR'!$A$143:$B$160,2,FALSE()),"") -> Work at Height | J10: I | K10: CLSR07-I | L10: Rescue plan | N10: 1 | P10: Tidak ada suspension trauma rescue plan | Q10: Fatality | R10: Rescue Preparedness | S10: 46156 | T10: =IF(S10="","",YEAR(S10)) -> 2026 | U10: =IF(S10="","","TW "&CHOOSE(ROUNDUP(MONTH(S10)/3,0),"I","II","III","IV")) -> TW II | V10: 13 | W10: CPP MATINDOK | X10: GTG Area | Y10: Scaffolding Dismantling | Z10: PT Petro Teknik Konstruksi | AA10: Iman Sudirman | AB10: Endong Darwilisan Yahya | AC10: Wayan Edi Wijaya
A11: OBS-002 | B11: 1 | C11: N | F11: =IF(A11="","",IF(B11=1,"Baseline",IF(C11="Y","Reverification","Follow-up"))) -> Baseline | G11: =IF(A11="","",IF(COUNTIFS($V$2:$V$300,V11,$H$2:$H$300,H11,$B$2:$B$300,">"&B11)=0,"Y","N")) -> Y | H11: IHE | I11: =IFERROR(VLOOKUP(H11,'DATABASE-DRIFT_LATENT_HP_ERROR'!$A$143:$B$160,2,FALSE()),"") -> Powered System / Isolation of Hazardous Energy | J11: A | K11: CLSR05-A | L11: Safe atmosphere & zero energy verification | M11: 1 | P11: Crew menjelaskan isolasi dan zero energy verification | Q11: Hazardous Energy | R11: Zero Energy State | S11: 46156 | T11: =IF(S11="","",YEAR(S11)) -> 2026 | U11: =IF(S11="","","TW "&CHOOSE(ROUNDUP(MONTH(S11)/3,0),"I","II","III","IV")) -> TW II | V11: 13 | W11: CPP MATINDOK | X11: Condensate Transfer pump | Y11: Pump Overhaul Activity | Z11: PT Petro Teknik Konstruksi | AA11: Iman Sudirman | AB11: Endong Darwilisan Yahya | AC11: Wayan Edi Wijaya
A12: OBS-002 | B12: 1 | C12: N | F12: =IF(A12="","",IF(B12=1,"Baseline",IF(C12="Y","Reverification","Follow-up"))) -> Baseline | G12: =IF(A12="","",IF(COUNTIFS($V$2:$V$300,V12,$H$2:$H$300,H12,$B$2:$B$300,">"&B12)=0,"Y","N")) -> Y | H12: IHE | I12: =IFERROR(VLOOKUP(H12,'DATABASE-DRIFT_LATENT_HP_ERROR'!$A$143:$B$160,2,FALSE()),"") -> Powered System / Isolation of Hazardous Energy | J12: B | K12: CLSR05-B | L12: Isolation point identification | M12: 1 | P12: IA/AA/PA mampu menunjukkan titik isolasi | Q12: Hazardous Energy | R12: Isolation Verification | S12: 46156 | T12: =IF(S12="","",YEAR(S12)) -> 2026 | U12: =IF(S12="","","TW "&CHOOSE(ROUNDUP(MONTH(S12)/3,0),"I","II","III","IV")) -> TW II | V12: 13 | W12: CPP MATINDOK | X12: Condensate Transfer pump | Y12: Pump Overhaul Activity | Z12: PT Petro Teknik Konstruksi | AA12: Iman Sudirman | AB12: Endong Darwilisan Yahya | AC12: Wayan Edi Wijaya
A13: OBS-002 | B13: 1 | C13: N | F13: =IF(A13="","",IF(B13=1,"Baseline",IF(C13="Y","Reverification","Follow-up"))) -> Baseline | G13: =IF(A13="","",IF(COUNTIFS($V$2:$V$300,V13,$H$2:$H$300,H13,$B$2:$B$300,">"&B13)=0,"Y","N")) -> Y | H13: IHE | I13: =IFERROR(VLOOKUP(H13,'DATABASE-DRIFT_LATENT_HP_ERROR'!$A$143:$B$160,2,FALSE()),"") -> Powered System / Isolation of Hazardous Energy | J13: C | K13: CLSR05-C | L13: Individual LOTO implementation | N13: 1 | P13: Hanya IA yang memasang LOTO pada 4 titik isolasi | Q13: Fatality | R13: Individual Protection Barrier | S13: 46156 | T13: =IF(S13="","",YEAR(S13)) -> 2026 | U13: =IF(S13="","","TW "&CHOOSE(ROUNDUP(MONTH(S13)/3,0),"I","II","III","IV")) -> TW II | V13: 13 | W13: CPP MATINDOK | X13: Condensate Transfer pump | Y13: Pump Overhaul Activity | Z13: PT Petro Teknik Konstruksi | AA13: Iman Sudirman | AB13: Endong Darwilisan Yahya | AC13: Wayan Edi Wijaya
A14: OBS-002 | B14: 1 | C14: N | F14: =IF(A14="","",IF(B14=1,"Baseline",IF(C14="Y","Reverification","Follow-up"))) -> Baseline | G14: =IF(A14="","",IF(COUNTIFS($V$2:$V$300,V14,$H$2:$H$300,H14,$B$2:$B$300,">"&B14)=0,"Y","N")) -> Y | H14: IHE | I14: =IFERROR(VLOOKUP(H14,'DATABASE-DRIFT_LATENT_HP_ERROR'!$A$143:$B$160,2,FALSE()),"") -> Powered System / Isolation of Hazardous Energy | J14: D | K14: CLSR05-D | L14: Hazardous energy identification | N14: 1 | P14: Individual LOTO belum diterapkan oleh seluruh personel yang terekspos hazardous energy sehingga meningkatkan risiko unexpected energization | Q14: Fatality | R14: Hazard Identification | S14: 46156 | T14: =IF(S14="","",YEAR(S14)) -> 2026 | U14: =IF(S14="","","TW "&CHOOSE(ROUNDUP(MONTH(S14)/3,0),"I","II","III","IV")) -> TW II | V14: 13 | W14: CPP MATINDOK | X14: Condensate Transfer pump | Y14: Pump Overhaul Activity | Z14: PT Petro Teknik Konstruksi | AA14: Iman Sudirman | AB14: Endong Darwilisan Yahya | AC14: Wayan Edi Wijaya
A15: OBS-002 | B15: 1 | C15: N | F15: =IF(A15="","",IF(B15=1,"Baseline",IF(C15="Y","Reverification","Follow-up"))) -> Baseline | G15: =IF(A15="","",IF(COUNTIFS($V$2:$V$300,V15,$H$2:$H$300,H15,$B$2:$B$300,">"&B15)=0,"Y","N")) -> Y | H15: IHE | I15: =IFERROR(VLOOKUP(H15,'DATABASE-DRIFT_LATENT_HP_ERROR'!$A$143:$B$160,2,FALSE()),"") -> Powered System / Isolation of Hazardous Energy | J15: E | K15: CLSR05-E | L15: Communication of isolation points | M15: 1 | P15: Titik isolasi telah dikomunikasikan kepada pekerja | Q15: Hazardous Energy | R15: Isolation Communication | S15: 46156 | T15: =IF(S15="","",YEAR(S15)) -> 2026 | U15: =IF(S15="","","TW "&CHOOSE(ROUNDUP(MONTH(S15)/3,0),"I","II","III","IV")) -> TW II | V15: 13 | W15: CPP MATINDOK | X15: Condensate Transfer pump | Y15: Pump Overhaul Activity | Z15: PT Petro Teknik Konstruksi | AA15: Iman Sudirman | AB15: Endong Darwilisan Yahya | AC15: Wayan Edi Wijaya
A16: OBS-002 | B16: 1 | C16: N | F16: =IF(A16="","",IF(B16=1,"Baseline",IF(C16="Y","Reverification","Follow-up"))) -> Baseline | G16: =IF(A16="","",IF(COUNTIFS($V$2:$V$300,V16,$H$2:$H$300,H16,$B$2:$B$300,">"&B16)=0,"Y","N")) -> Y | H16: IHE | I16: =IFERROR(VLOOKUP(H16,'DATABASE-DRIFT_LATENT_HP_ERROR'!$A$143:$B$160,2,FALSE()),"") -> Powered System / Isolation of Hazardous Energy | J16: F | K16: CLSR05-F | L16: Residual energy dissipation verification | M16: 1 | P16: Crew menjelaskan verifikasi zero energy dan residual energy dissipation | Q16: Hazardous Energy | R16: Residual Energy Control | S16: 46156 | T16: =IF(S16="","",YEAR(S16)) -> 2026 | U16: =IF(S16="","","TW "&CHOOSE(ROUNDUP(MONTH(S16)/3,0),"I","II","III","IV")) -> TW II | V16: 13 | W16: CPP MATINDOK | X16: Condensate Transfer pump | Y16: Pump Overhaul Activity | Z16: PT Petro Teknik Konstruksi | AA16: Iman Sudirman | AB16: Endong Darwilisan Yahya | AC16: Wayan Edi Wijaya
A17: OBS-002 | B17: 1 | C17: N | F17: =IF(A17="","",IF(B17=1,"Baseline",IF(C17="Y","Reverification","Follow-up"))) -> Baseline | G17: =IF(A17="","",IF(COUNTIFS($V$2:$V$300,V17,$H$2:$H$300,H17,$B$2:$B$300,">"&B17)=0,"Y","N")) -> Y | H17: IHE | I17: =IFERROR(VLOOKUP(H17,'DATABASE-DRIFT_LATENT_HP_ERROR'!$A$143:$B$160,2,FALSE()),"") -> Powered System / Isolation of Hazardous Energy | J17: G | K17: CLSR05-G | L17: First-on last-off lock policy | M17: 1 | P17: Operation lock diterapkan sesuai requirement | Q17: Hazardous Energy | R17: Lock Management | S17: 46156 | T17: =IF(S17="","",YEAR(S17)) -> 2026 | U17: =IF(S17="","","TW "&CHOOSE(ROUNDUP(MONTH(S17)/3,0),"I","II","III","IV")) -> TW II | V17: 13 | W17: CPP MATINDOK | X17: Condensate Transfer pump | Y17: Pump Overhaul Activity | Z17: PT Petro Teknik Konstruksi | AA17: Iman Sudirman | AB17: Endong Darwilisan Yahya | AC17: Wayan Edi Wijaya
A18: OBS-002 | B18: 1 | C18: N | F18: =IF(A18="","",IF(B18=1,"Baseline",IF(C18="Y","Reverification","Follow-up"))) -> Baseline | G18: =IF(A18="","",IF(COUNTIFS($V$2:$V$300,V18,$H$2:$H$300,H18,$B$2:$B$300,">"&B18)=0,"Y","N")) -> Y | H18: IHE | I18: =IFERROR(VLOOKUP(H18,'DATABASE-DRIFT_LATENT_HP_ERROR'!$A$143:$B$160,2,FALSE()),"") -> Powered System / Isolation of Hazardous Energy | J18: H | K18: CLSR05-H | L18: Restoration of isolation points | O18: 1 | P18: Proses normalisasi sistem belum dapat diobservasi | Q18: Hazardous Energy | R18: System Restoration | S18: 46156 | T18: =IF(S18="","",YEAR(S18)) -> 2026 | U18: =IF(S18="","","TW "&CHOOSE(ROUNDUP(MONTH(S18)/3,0),"I","II","III","IV")) -> TW II | V18: 13 | W18: CPP MATINDOK | X18: Condensate Transfer pump | Y18: Pump Overhaul Activity | Z18: PT Petro Teknik Konstruksi | AA18: Iman Sudirman | AB18: Endong Darwilisan Yahya | AC18: Wayan Edi Wijaya
A19: OBS-002 | B19: 1 | C19: N | F19: =IF(A19="","",IF(B19=1,"Baseline",IF(C19="Y","Reverification","Follow-up"))) -> Baseline | G19: =IF(A19="","",IF(COUNTIFS($V$2:$V$300,V19,$H$2:$H$300,H19,$B$2:$B$300,">"&B19)=0,"Y","N")) -> Y | H19: IHE | I19: =IFERROR(VLOOKUP(H19,'DATABASE-DRIFT_LATENT_HP_ERROR'!$A$143:$B$160,2,FALSE()),"") -> Powered System / Isolation of Hazardous Energy | J19: I | K19: CLSR05-I | L19: Mandatory SWA for failed isolation | N19: 1 | P19: Chain lock masih longgar dan berpotensi slip sehingga positive isolation belum optimal | Q19: Fatality | R19: Positive Isolation Integrity | S19: 46156 | T19: =IF(S19="","",YEAR(S19)) -> 2026 | U19: =IF(S19="","","TW "&CHOOSE(ROUNDUP(MONTH(S19)/3,0),"I","II","III","IV")) -> TW II | V19: 13 | W19: CPP MATINDOK | X19: Condensate Transfer pump | Y19: Pump Overhaul Activity | Z19: PT Petro Teknik Konstruksi | AA19: Iman Sudirman | AB19: Endong Darwilisan Yahya | AC19: Wayan Edi Wijaya
A20: OBS-003 | B20: 1 | C20: N | F20: =IF(A20="","",IF(B20=1,"Baseline",IF(C20="Y","Reverification","Follow-up"))) -> Baseline | G20: =IF(A20="","",IF(COUNTIFS($V$2:$V$300,V20,$H$2:$H$300,H20,$B$2:$B$300,">"&B20)=0,"Y","N")) -> Y | H20: IHE | I20: =IFERROR(VLOOKUP(H20,'DATABASE-DRIFT_LATENT_HP_ERROR'!$A$143:$B$160,2,FALSE()),"") -> Powered System / Isolation of Hazardous Energy | J20: A | K20: CLSR05-A | L20: Safe atmosphere & zero energy verification | M20: 1 | P20: Crew menjelaskan isolasi dan zero energy verification | Q20: Hazardous Energy | R20: Zero Energy State | S20: 46157 | T20: =IF(S20="","",YEAR(S20)) -> 2026 | U20: =IF(S20="","","TW "&CHOOSE(ROUNDUP(MONTH(S20)/3,0),"I","II","III","IV")) -> TW II | V20: 13 | W20: CPP DONGGI | X20: Booster Compressor Area | Y20: Alignment Booster Compressor #A | Z20: PT Petro Teknik Konstruksi | AA20: Iman Sudirman | AB20: Yoga Swara Jeni Pratama | AC20: Thamar Thalib Mbau
A21: OBS-003 | B21: 1 | C21: N | F21: =IF(A21="","",IF(B21=1,"Baseline",IF(C21="Y","Reverification","Follow-up"))) -> Baseline | G21: =IF(A21="","",IF(COUNTIFS($V$2:$V$300,V21,$H$2:$H$300,H21,$B$2:$B$300,">"&B21)=0,"Y","N")) -> Y | H21: IHE | I21: =IFERROR(VLOOKUP(H21,'DATABASE-DRIFT_LATENT_HP_ERROR'!$A$143:$B$160,2,FALSE()),"") -> Powered System / Isolation of Hazardous Energy | J21: B | K21: CLSR05-B | L21: Isolation point identification | M21: 1 | P21: IA/AA/PA mampu menunjukkan titik isolasi | Q21: Hazardous Energy | R21: Isolation Verification | S21: 46157 | T21: =IF(S21="","",YEAR(S21)) -> 2026 | U21: =IF(S21="","","TW "&CHOOSE(ROUNDUP(MONTH(S21)/3,0),"I","II","III","IV")) -> TW II | V21: 13 | W21: CPP DONGGI | X21: Booster Compressor Area | Y21: Alignment Booster Compressor #A | Z21: PT Petro Teknik Konstruksi | AA21: Iman Sudirman | AB21: Yoga Swara Jeni Pratama | AC21: Thamar Thalib Mbau
A22: OBS-003 | B22: 1 | C22: N | F22: =IF(A22="","",IF(B22=1,"Baseline",IF(C22="Y","Reverification","Follow-up"))) -> Baseline | G22: =IF(A22="","",IF(COUNTIFS($V$2:$V$300,V22,$H$2:$H$300,H22,$B$2:$B$300,">"&B22)=0,"Y","N")) -> Y | H22: IHE | I22: =IFERROR(VLOOKUP(H22,'DATABASE-DRIFT_LATENT_HP_ERROR'!$A$143:$B$160,2,FALSE()),"") -> Powered System / Isolation of Hazardous Energy | J22: C | K22: CLSR05-C | L22: Individual LOTO implementation | N22: 1 | P22: Hanya IA yang memasang LOTO pada 4 titik isolasi (Motor, Suction valve, Discharge dan Drain Valve) | Q22: Fatality | R22: Individual Protection Barrier | S22: 46157 | T22: =IF(S22="","",YEAR(S22)) -> 2026 | U22: =IF(S22="","","TW "&CHOOSE(ROUNDUP(MONTH(S22)/3,0),"I","II","III","IV")) -> TW II | V22: 13 | W22: CPP DONGGI | X22: Booster Compressor Area | Y22: Alignment Booster Compressor #A | Z22: PT Petro Teknik Konstruksi | AA22: Iman Sudirman | AB22: Yoga Swara Jeni Pratama | AC22: Thamar Thalib Mbau
A23: OBS-003 | B23: 1 | C23: N | F23: =IF(A23="","",IF(B23=1,"Baseline",IF(C23="Y","Reverification","Follow-up"))) -> Baseline | G23: =IF(A23="","",IF(COUNTIFS($V$2:$V$300,V23,$H$2:$H$300,H23,$B$2:$B$300,">"&B23)=0,"Y","N")) -> Y | H23: IHE | I23: =IFERROR(VLOOKUP(H23,'DATABASE-DRIFT_LATENT_HP_ERROR'!$A$143:$B$160,2,FALSE()),"") -> Powered System / Isolation of Hazardous Energy | J23: D | K23: CLSR05-D | L23: Hazardous energy identification | N23: 1 | P23: Walaupun sumber energi berbahaya telah diidentifikasi, individual LOTO belum diterapkan oleh seluruh personel yang terekspos hazardous energy. Kondisi ini meningkatkan risiko unexpected energization akibat miskomunikasi atau kesalahan asumsi bahwa pekerjaan telah selesai | Q23: Fatality | R23: Hazard Identification | S23: 46157 | T23: =IF(S23="","",YEAR(S23)) -> 2026 | U23: =IF(S23="","","TW "&CHOOSE(ROUNDUP(MONTH(S23)/3,0),"I","II","III","IV")) -> TW II | V23: 13 | W23: CPP DONGGI | X23: Booster Compressor Area | Y23: Alignment Booster Compressor #A | Z23: PT Petro Teknik Konstruksi | AA23: Iman Sudirman | AB23: Yoga Swara Jeni Pratama | AC23: Thamar Thalib Mbau
A24: OBS-003 | B24: 1 | C24: N | F24: =IF(A24="","",IF(B24=1,"Baseline",IF(C24="Y","Reverification","Follow-up"))) -> Baseline | G24: =IF(A24="","",IF(COUNTIFS($V$2:$V$300,V24,$H$2:$H$300,H24,$B$2:$B$300,">"&B24)=0,"Y","N")) -> Y | H24: IHE | I24: =IFERROR(VLOOKUP(H24,'DATABASE-DRIFT_LATENT_HP_ERROR'!$A$143:$B$160,2,FALSE()),"") -> Powered System / Isolation of Hazardous Energy | J24: E | K24: CLSR05-E | L24: Communication of isolation points | M24: 1 | P24: Titik isolasi telah dikomunikasikan kepada pekerja | Q24: Hazardous Energy | R24: Isolation Communication | S24: 46157 | T24: =IF(S24="","",YEAR(S24)) -> 2026 | U24: =IF(S24="","","TW "&CHOOSE(ROUNDUP(MONTH(S24)/3,0),"I","II","III","IV")) -> TW II | V24: 13 | W24: CPP DONGGI | X24: Booster Compressor Area | Y24: Alignment Booster Compressor #A | Z24: PT Petro Teknik Konstruksi | AA24: Iman Sudirman | AB24: Yoga Swara Jeni Pratama | AC24: Thamar Thalib Mbau
A25: OBS-003 | B25: 1 | C25: N | F25: =IF(A25="","",IF(B25=1,"Baseline",IF(C25="Y","Reverification","Follow-up"))) -> Baseline | G25: =IF(A25="","",IF(COUNTIFS($V$2:$V$300,V25,$H$2:$H$300,H25,$B$2:$B$300,">"&B25)=0,"Y","N")) -> Y | H25: IHE | I25: =IFERROR(VLOOKUP(H25,'DATABASE-DRIFT_LATENT_HP_ERROR'!$A$143:$B$160,2,FALSE()),"") -> Powered System / Isolation of Hazardous Energy | J25: F | K25: CLSR05-F | L25: Residual energy dissipation verification | M25: 1 | P25: Crew menjelaskan verifikasi zero energy dan residual energy dissipation | Q25: Hazardous Energy | R25: Residual Energy Control | S25: 46157 | T25: =IF(S25="","",YEAR(S25)) -> 2026 | U25: =IF(S25="","","TW "&CHOOSE(ROUNDUP(MONTH(S25)/3,0),"I","II","III","IV")) -> TW II | V25: 13 | W25: CPP DONGGI | X25: Booster Compressor Area | Y25: Alignment Booster Compressor #A | Z25: PT Petro Teknik Konstruksi | AA25: Iman Sudirman | AB25: Yoga Swara Jeni Pratama | AC25: Thamar Thalib Mbau
A26: OBS-003 | B26: 1 | C26: N | F26: =IF(A26="","",IF(B26=1,"Baseline",IF(C26="Y","Reverification","Follow-up"))) -> Baseline | G26: =IF(A26="","",IF(COUNTIFS($V$2:$V$300,V26,$H$2:$H$300,H26,$B$2:$B$300,">"&B26)=0,"Y","N")) -> Y | H26: IHE | I26: =IFERROR(VLOOKUP(H26,'DATABASE-DRIFT_LATENT_HP_ERROR'!$A$143:$B$160,2,FALSE()),"") -> Powered System / Isolation of Hazardous Energy | J26: G | K26: CLSR05-G | L26: First-on last-off lock policy | M26: 1 | P26: Operation lock diterapkan sesuai requirement | Q26: Hazardous Energy | R26: Lock Management | S26: 46157 | T26: =IF(S26="","",YEAR(S26)) -> 2026 | U26: =IF(S26="","","TW "&CHOOSE(ROUNDUP(MONTH(S26)/3,0),"I","II","III","IV")) -> TW II | V26: 13 | W26: CPP DONGGI | X26: Booster Compressor Area | Y26: Alignment Booster Compressor #A | Z26: PT Petro Teknik Konstruksi | AA26: Iman Sudirman | AB26: Yoga Swara Jeni Pratama | AC26: Thamar Thalib Mbau
A27: OBS-003 | B27: 1 | C27: N | F27: =IF(A27="","",IF(B27=1,"Baseline",IF(C27="Y","Reverification","Follow-up"))) -> Baseline | G27: =IF(A27="","",IF(COUNTIFS($V$2:$V$300,V27,$H$2:$H$300,H27,$B$2:$B$300,">"&B27)=0,"Y","N")) -> Y | H27: IHE | I27: =IFERROR(VLOOKUP(H27,'DATABASE-DRIFT_LATENT_HP_ERROR'!$A$143:$B$160,2,FALSE()),"") -> Powered System / Isolation of Hazardous Energy | J27: H | K27: CLSR05-H | L27: Restoration of isolation points | O27: 1 | P27: Proses normalisasi sistem belum dapat diobservasi | Q27: Hazardous Energy | R27: System Restoration | S27: 46157 | T27: =IF(S27="","",YEAR(S27)) -> 2026 | U27: =IF(S27="","","TW "&CHOOSE(ROUNDUP(MONTH(S27)/3,0),"I","II","III","IV")) -> TW II | V27: 13 | W27: CPP DONGGI | X27: Booster Compressor Area | Y27: Alignment Booster Compressor #A | Z27: PT Petro Teknik Konstruksi | AA27: Iman Sudirman | AB27: Yoga Swara Jeni Pratama | AC27: Thamar Thalib Mbau
A28: OBS-003 | B28: 1 | C28: N | F28: =IF(A28="","",IF(B28=1,"Baseline",IF(C28="Y","Reverification","Follow-up"))) -> Baseline | G28: =IF(A28="","",IF(COUNTIFS($V$2:$V$300,V28,$H$2:$H$300,H28,$B$2:$B$300,">"&B28)=0,"Y","N")) -> Y | H28: IHE | I28: =IFERROR(VLOOKUP(H28,'DATABASE-DRIFT_LATENT_HP_ERROR'!$A$143:$B$160,2,FALSE()),"") -> Powered System / Isolation of Hazardous Energy | J28: I | K28: CLSR05-I | L28: Mandatory SWA for failed isolation | N28: 1 | P28: PA dan pekerja tidak memasang LOTO atau INDIVIDUAL ACCOUNTABILITY tidak diimplementasikan | Q28: Fatality | R28: Individual Accountability | S28: 46157 | T28: =IF(S28="","",YEAR(S28)) -> 2026 | U28: =IF(S28="","","TW "&CHOOSE(ROUNDUP(MONTH(S28)/3,0),"I","II","III","IV")) -> TW II | V28: 13 | W28: CPP DONGGI | X28: Booster Compressor Area | Y28: Alignment Booster Compressor #A | Z28: PT Petro Teknik Konstruksi | AA28: Iman Sudirman | AB28: Yoga Swara Jeni Pratama | AC28: Thamar Thalib Mbau
A29: OBS-004 | B29: 1 | C29: N | F29: =IF(A29="","",IF(B29=1,"Baseline",IF(C29="Y","Reverification","Follow-up"))) -> Baseline | G29: =IF(A29="","",IF(COUNTIFS($V$2:$V$300,V29,$H$2:$H$300,H29,$B$2:$B$300,">"&B29)=0,"Y","N")) -> Y | H29: GD | I29: =IFERROR(VLOOKUP(H29,'DATABASE-DRIFT_LATENT_HP_ERROR'!$A$143:$B$160,2,FALSE()),"") -> Ground Disturbance or Excavation | J29: A | K29: CLSR08-A | L29: Underground utility hazard identification | M29: 1 | P29: Crew telah melakukan identifikasi bahaya underground utilities menggunakan excavation certificate dan penggalian manual | Q29: Underground Utility Strike | R29: Utility Identification | S29: 46157 | T29: =IF(S29="","",YEAR(S29)) -> 2026 | U29: =IF(S29="","","TW "&CHOOSE(ROUNDUP(MONTH(S29)/3,0),"I","II","III","IV")) -> TW II | V29: 13 | W29: CPP DONGGI | X29: Hydrant Line Area | Y29: Excavation for Hydrant Pipe Leak Repair | Z29: PT Petro Teknik Konstruksi | AA29: Iman Sudirman | AB29: Yoga Swara Jeni Pratama | AC29: Thamar Thalib Mbau
A30: OBS-004 | B30: 1 | C30: N | F30: =IF(A30="","",IF(B30=1,"Baseline",IF(C30="Y","Reverification","Follow-up"))) -> Baseline | G30: =IF(A30="","",IF(COUNTIFS($V$2:$V$300,V30,$H$2:$H$300,H30,$B$2:$B$300,">"&B30)=0,"Y","N")) -> Y | H30: GD | I30: =IFERROR(VLOOKUP(H30,'DATABASE-DRIFT_LATENT_HP_ERROR'!$A$143:$B$160,2,FALSE()),"") -> Ground Disturbance or Excavation | J30: B | K30: CLSR08-B | L30: Personnel safety relative to excavating equipment | O30: 1 | P30: Aktivitas excavating equipment tidak sedang berlangsung saat observasi dilakukan | Q30: Line of Fire | R30: Equipment Separation | S30: 46157 | T30: =IF(S30="","",YEAR(S30)) -> 2026 | U30: =IF(S30="","","TW "&CHOOSE(ROUNDUP(MONTH(S30)/3,0),"I","II","III","IV")) -> TW II | V30: 13 | W30: CPP DONGGI | X30: Hydrant Line Area | Y30: Excavation for Hydrant Pipe Leak Repair | Z30: PT Petro Teknik Konstruksi | AA30: Iman Sudirman | AB30: Yoga Swara Jeni Pratama | AC30: Thamar Thalib Mbau
A31: OBS-004 | B31: 1 | C31: N | F31: =IF(A31="","",IF(B31=1,"Baseline",IF(C31="Y","Reverification","Follow-up"))) -> Baseline | G31: =IF(A31="","",IF(COUNTIFS($V$2:$V$300,V31,$H$2:$H$300,H31,$B$2:$B$300,">"&B31)=0,"Y","N")) -> Y | H31: GD | I31: =IFERROR(VLOOKUP(H31,'DATABASE-DRIFT_LATENT_HP_ERROR'!$A$143:$B$160,2,FALSE()),"") -> Ground Disturbance or Excavation | J31: C | K31: CLSR08-C | L31: Significant excavation hazard identification | N31: 1 | P31: Potensi bahaya underground electrical cable belum teridentifikasi secara spesifik di dalam Risk Assessment (RA) dan JSA karena pekerjaan telah mengacu pada excavation certificate | Q31: Electrical Contact / Fatality | R31: Hazard Identification | S31: 46157 | T31: =IF(S31="","",YEAR(S31)) -> 2026 | U31: =IF(S31="","","TW "&CHOOSE(ROUNDUP(MONTH(S31)/3,0),"I","II","III","IV")) -> TW II | V31: 13 | W31: CPP DONGGI | X31: Hydrant Line Area | Y31: Excavation for Hydrant Pipe Leak Repair | Z31: PT Petro Teknik Konstruksi | AA31: Iman Sudirman | AB31: Yoga Swara Jeni Pratama | AC31: Thamar Thalib Mbau
A32: OBS-004 | B32: 1 | C32: N | F32: =IF(A32="","",IF(B32=1,"Baseline",IF(C32="Y","Reverification","Follow-up"))) -> Baseline | G32: =IF(A32="","",IF(COUNTIFS($V$2:$V$300,V32,$H$2:$H$300,H32,$B$2:$B$300,">"&B32)=0,"Y","N")) -> Y | H32: GD | I32: =IFERROR(VLOOKUP(H32,'DATABASE-DRIFT_LATENT_HP_ERROR'!$A$143:$B$160,2,FALSE()),"") -> Ground Disturbance or Excavation | J32: D | K32: CLSR08-D | L32: Hidden hazard and soil stability verification | M32: 1 | P32: Crew menjelaskan pengendalian terhadap kondisi tanah dan hidden hazard excavation | Q32: Cave-In Hazard | R32: Soil Stability Verification | S32: 46157 | T32: =IF(S32="","",YEAR(S32)) -> 2026 | U32: =IF(S32="","","TW "&CHOOSE(ROUNDUP(MONTH(S32)/3,0),"I","II","III","IV")) -> TW II | V32: 13 | W32: CPP DONGGI | X32: Hydrant Line Area | Y32: Excavation for Hydrant Pipe Leak Repair | Z32: PT Petro Teknik Konstruksi | AA32: Iman Sudirman | AB32: Yoga Swara Jeni Pratama | AC32: Thamar Thalib Mbau
A33: OBS-004 | B33: 1 | C33: N | F33: =IF(A33="","",IF(B33=1,"Baseline",IF(C33="Y","Reverification","Follow-up"))) -> Baseline | G33: =IF(A33="","",IF(COUNTIFS($V$2:$V$300,V33,$H$2:$H$300,H33,$B$2:$B$300,">"&B33)=0,"Y","N")) -> Y | H33: GD | I33: =IFERROR(VLOOKUP(H33,'DATABASE-DRIFT_LATENT_HP_ERROR'!$A$143:$B$160,2,FALSE()),"") -> Ground Disturbance or Excavation | J33: E | K33: CLSR08-E | L33: Mandatory SWA and permit revalidation | N33: 1 | P33: Pekerja dan pengawas telah melakukan SWA setelah ditemukan kabel bawah tanah yang tidak teridentifikasi, namun mandatory permit revalidation terhadap unidentified underground utilities belum sepenuhnya dipahami | Q33: Utility Strike / Fatality | R33: SWA & Permit Revalidation | S33: 46157 | T33: =IF(S33="","",YEAR(S33)) -> 2026 | U33: =IF(S33="","","TW "&CHOOSE(ROUNDUP(MONTH(S33)/3,0),"I","II","III","IV")) -> TW II | V33: 13 | W33: CPP DONGGI | X33: Hydrant Line Area | Y33: Excavation for Hydrant Pipe Leak Repair | Z33: PT Petro Teknik Konstruksi | AA33: Iman Sudirman | AB33: Yoga Swara Jeni Pratama | AC33: Thamar Thalib Mbau
A34: OBS-005 | B34: 1 | C34: N | F34: =IF(A34="","",IF(B34=1,"Baseline",IF(C34="Y","Reverification","Follow-up"))) -> Baseline | G34: =IF(A34="","",IF(COUNTIFS($V$2:$V$300,V34,$H$2:$H$300,H34,$B$2:$B$300,">"&B34)=0,"Y","N")) -> Y | H34: WAH | I34: =IFERROR(VLOOKUP(H34,'DATABASE-DRIFT_LATENT_HP_ERROR'!$A$143:$B$160,2,FALSE()),"") -> Work at Height | J34: A | K34: CLSR07-A | L34: Pemahaman fall restraint vs fall arrest | N34: 1 | P34: Para pekerja yang berada diatas scaffolding sudah mencoba menggunakan fall restraint system (D-ring dibelakang dan lanyard tanpa absorber). Tetapi karena konfigurasi dari lanyard dan titik angkur yang kurang tepat, masih memungkinkan pekerja mencapai bahaya jatuh | Q34: Fall from height | R34: Fall Protection | S34: 46163 | T34: =IF(S34="","",YEAR(S34)) -> 2026 | U34: =IF(S34="","","TW "&CHOOSE(ROUNDUP(MONTH(S34)/3,0),"I","II","III","IV")) -> TW II | V34: 11 | W34: CPP GUNDIH | X34: New GTG Area | Y34: Erection Struktur Shelter New GTG | Z34: PT Petrowell Energy | AA34: Iman Sudirman | AB34: Andy Kurniawan | AC34: Angga Saptya Pratama & Aldila Faza Zulfah | AD34: Yusuf A. | AE34: Hawis A. | AF34: Rusman
A35: OBS-005 | B35: 1 | C35: N | F35: =IF(A35="","",IF(B35=1,"Baseline",IF(C35="Y","Reverification","Follow-up"))) -> Baseline | G35: =IF(A35="","",IF(COUNTIFS($V$2:$V$300,V35,$H$2:$H$300,H35,$B$2:$B$300,">"&B35)=0,"Y","N")) -> Y | H35: WAH | I35: =IFERROR(VLOOKUP(H35,'DATABASE-DRIFT_LATENT_HP_ERROR'!$A$143:$B$160,2,FALSE()),"") -> Work at Height | J35: B | K35: CLSR07-B | L35: Pemahaman restraint vs arrest lanyard | N35: 1 | P35: Didalam dokumen Start Work Checklist (SWC) sebagai Human performance tools (HPT) tertulis penggunaan fall restraint dan/atau fall arrest, tetapi AA, PA dan pekerja tidak tahu perbedaan antara fall restraint dan arrest | Q35: Fall from height | R35: Correct Equipment | S35: 46163 | T35: =IF(S35="","",YEAR(S35)) -> 2026 | U35: =IF(S35="","","TW "&CHOOSE(ROUNDUP(MONTH(S35)/3,0),"I","II","III","IV")) -> TW II | V35: 11 | W35: CPP GUNDIH | X35: New GTG Area | Y35: Erection Struktur Shelter New GTG | Z35: PT Petrowell Energy | AA35: Iman Sudirman | AB35: Andy Kurniawan | AC35: Angga Saptya Pratama & Aldila Faza Zulfah | AD35: Yusuf A. | AE35: Hawis A. | AF35: Rusman
A36: OBS-005 | B36: 1 | C36: N | F36: =IF(A36="","",IF(B36=1,"Baseline",IF(C36="Y","Reverification","Follow-up"))) -> Baseline | G36: =IF(A36="","",IF(COUNTIFS($V$2:$V$300,V36,$H$2:$H$300,H36,$B$2:$B$300,">"&B36)=0,"Y","N")) -> Y | H36: WAH | I36: =IFERROR(VLOOKUP(H36,'DATABASE-DRIFT_LATENT_HP_ERROR'!$A$143:$B$160,2,FALSE()),"") -> Work at Height | J36: C | K36: CLSR07-C | L36: Free fall distance calculation | N36: 1 | P36: Tidak ditemukan dokumen yang menghitung jarak jatuh sehingga jarak safety factor diketahui | Q36: Fatality | R36: Engineering Safeguard | S36: 46163 | T36: =IF(S36="","",YEAR(S36)) -> 2026 | U36: =IF(S36="","","TW "&CHOOSE(ROUNDUP(MONTH(S36)/3,0),"I","II","III","IV")) -> TW II | V36: 11 | W36: CPP GUNDIH | X36: New GTG Area | Y36: Erection Struktur Shelter New GTG | Z36: PT Petrowell Energy | AA36: Iman Sudirman | AB36: Andy Kurniawan | AC36: Angga Saptya Pratama & Aldila Faza Zulfah | AD36: Yusuf A. | AE36: Hawis A. | AF36: Rusman
A37: OBS-005 | B37: 1 | C37: N | F37: =IF(A37="","",IF(B37=1,"Baseline",IF(C37="Y","Reverification","Follow-up"))) -> Baseline | G37: =IF(A37="","",IF(COUNTIFS($V$2:$V$300,V37,$H$2:$H$300,H37,$B$2:$B$300,">"&B37)=0,"Y","N")) -> Y | H37: WAH | I37: =IFERROR(VLOOKUP(H37,'DATABASE-DRIFT_LATENT_HP_ERROR'!$A$143:$B$160,2,FALSE()),"") -> Work at Height | J37: D | K37: CLSR07-D | L37: Anchorage point verification | N37: 1 | P37: Anchorage point belum diverifikasi oleh personel kompeten dan requirement kekuatan anchor point belum dipahami secara memadai | Q37: Fall Protection | R37: Anchorage Integrity | S37: 46163 | T37: =IF(S37="","",YEAR(S37)) -> 2026 | U37: =IF(S37="","","TW "&CHOOSE(ROUNDUP(MONTH(S37)/3,0),"I","II","III","IV")) -> TW II | V37: 11 | W37: CPP GUNDIH | X37: New GTG Area | Y37: Erection Struktur Shelter New GTG | Z37: PT Petrowell Energy | AA37: Iman Sudirman | AB37: Andy Kurniawan | AC37: Angga Saptya Pratama & Aldila Faza Zulfah | AD37: Yusuf A. | AE37: Hawis A. | AF37: Rusman
A38: OBS-005 | B38: 1 | C38: N | F38: =IF(A38="","",IF(B38=1,"Baseline",IF(C38="Y","Reverification","Follow-up"))) -> Baseline | G38: =IF(A38="","",IF(COUNTIFS($V$2:$V$300,V38,$H$2:$H$300,H38,$B$2:$B$300,">"&B38)=0,"Y","N")) -> Y | H38: WAH | I38: =IFERROR(VLOOKUP(H38,'DATABASE-DRIFT_LATENT_HP_ERROR'!$A$143:$B$160,2,FALSE()),"") -> Work at Height | J38: E | K38: CLSR07-E | L38: 100% tie off | N38: 1 | P38: Ditemukan satu pekerja tidak 100% tie-off saat mau berpindah posisi pada ketinggian sekitar 6 m (diatas struktur roof) | Q38: Fall Protection | R38: Continuous Connection | S38: 46163 | T38: =IF(S38="","",YEAR(S38)) -> 2026 | U38: =IF(S38="","","TW "&CHOOSE(ROUNDUP(MONTH(S38)/3,0),"I","II","III","IV")) -> TW II | V38: 11 | W38: CPP GUNDIH | X38: New GTG Area | Y38: Erection Struktur Shelter New GTG | Z38: PT Petrowell Energy | AA38: Iman Sudirman | AB38: Andy Kurniawan | AC38: Angga Saptya Pratama & Aldila Faza Zulfah | AD38: Yusuf A. | AE38: Hawis A. | AF38: Rusman
A39: OBS-005 | B39: 1 | C39: N | F39: =IF(A39="","",IF(B39=1,"Baseline",IF(C39="Y","Reverification","Follow-up"))) -> Baseline | G39: =IF(A39="","",IF(COUNTIFS($V$2:$V$300,V39,$H$2:$H$300,H39,$B$2:$B$300,">"&B39)=0,"Y","N")) -> Y | H39: WAH | I39: =IFERROR(VLOOKUP(H39,'DATABASE-DRIFT_LATENT_HP_ERROR'!$A$143:$B$160,2,FALSE()),"") -> Work at Height | J39: F | K39: CLSR07-F | L39: Swing fall prevention | M39: 1 | P39: Titik anchorage telah diposisikan untuk mengurangi potensi kontak dengan struktur saat jatuh | Q39: Secondary impact | R39: Safe Anchorage | S39: 46163 | T39: =IF(S39="","",YEAR(S39)) -> 2026 | U39: =IF(S39="","","TW "&CHOOSE(ROUNDUP(MONTH(S39)/3,0),"I","II","III","IV")) -> TW II | V39: 11 | W39: CPP GUNDIH | X39: New GTG Area | Y39: Erection Struktur Shelter New GTG | Z39: PT Petrowell Energy | AA39: Iman Sudirman | AB39: Andy Kurniawan | AC39: Angga Saptya Pratama & Aldila Faza Zulfah | AD39: Yusuf A. | AE39: Hawis A. | AF39: Rusman
A40: OBS-005 | B40: 1 | C40: N | F40: =IF(A40="","",IF(B40=1,"Baseline",IF(C40="Y","Reverification","Follow-up"))) -> Baseline | G40: =IF(A40="","",IF(COUNTIFS($V$2:$V$300,V40,$H$2:$H$300,H40,$B$2:$B$300,">"&B40)=0,"Y","N")) -> Y | H40: WAH | I40: =IFERROR(VLOOKUP(H40,'DATABASE-DRIFT_LATENT_HP_ERROR'!$A$143:$B$160,2,FALSE()),"") -> Work at Height | J40: G | K40: CLSR07-G | L40: Inspection equipment | M40: 1 | P40: Harness, lanyard dan scaffolding telah diinspeksi sebelum digunakan | Q40: Equipment Integrity | R40: Equipment Inspection | S40: 46163 | T40: =IF(S40="","",YEAR(S40)) -> 2026 | U40: =IF(S40="","","TW "&CHOOSE(ROUNDUP(MONTH(S40)/3,0),"I","II","III","IV")) -> TW II | V40: 11 | W40: CPP GUNDIH | X40: New GTG Area | Y40: Erection Struktur Shelter New GTG | Z40: PT Petrowell Energy | AA40: Iman Sudirman | AB40: Andy Kurniawan | AC40: Angga Saptya Pratama & Aldila Faza Zulfah | AD40: Yusuf A. | AE40: Hawis A. | AF40: Rusman
A41: OBS-005 | B41: 1 | C41: N | F41: =IF(A41="","",IF(B41=1,"Baseline",IF(C41="Y","Reverification","Follow-up"))) -> Baseline | G41: =IF(A41="","",IF(COUNTIFS($V$2:$V$300,V41,$H$2:$H$300,H41,$B$2:$B$300,">"&B41)=0,"Y","N")) -> Y | H41: WAH | I41: =IFERROR(VLOOKUP(H41,'DATABASE-DRIFT_LATENT_HP_ERROR'!$A$143:$B$160,2,FALSE()),"") -> Work at Height | J41: H | K41: CLSR07-H | L41: Correct harness use | M41: 1 | P41: Harness digunakan dengan benar dan posisi D-ring sesuai | Q41: Fall Protection | R41: Proper Harness Use | S41: 46163 | T41: =IF(S41="","",YEAR(S41)) -> 2026 | U41: =IF(S41="","","TW "&CHOOSE(ROUNDUP(MONTH(S41)/3,0),"I","II","III","IV")) -> TW II | V41: 11 | W41: CPP GUNDIH | X41: New GTG Area | Y41: Erection Struktur Shelter New GTG | Z41: PT Petrowell Energy | AA41: Iman Sudirman | AB41: Andy Kurniawan | AC41: Angga Saptya Pratama & Aldila Faza Zulfah | AD41: Yusuf A. | AE41: Hawis A. | AF41: Rusman
A42: OBS-005 | B42: 1 | C42: N | F42: =IF(A42="","",IF(B42=1,"Baseline",IF(C42="Y","Reverification","Follow-up"))) -> Baseline | G42: =IF(A42="","",IF(COUNTIFS($V$2:$V$300,V42,$H$2:$H$300,H42,$B$2:$B$300,">"&B42)=0,"Y","N")) -> Y | H42: WAH | I42: =IFERROR(VLOOKUP(H42,'DATABASE-DRIFT_LATENT_HP_ERROR'!$A$143:$B$160,2,FALSE()),"") -> Work at Height | J42: I | K42: CLSR07-I | L42: Rescue plan | N42: 1 | P42: Tidak ada safety standby saat pekerjaan dismantling scaffolding berlangsung dan tidak ada rescue plan terutama terhadap bahaya suspension trauma | Q42: Fatality | R42: Rescue Preparedness | S42: 46163 | T42: =IF(S42="","",YEAR(S42)) -> 2026 | U42: =IF(S42="","","TW "&CHOOSE(ROUNDUP(MONTH(S42)/3,0),"I","II","III","IV")) -> TW II | V42: 11 | W42: CPP GUNDIH | X42: New GTG Area | Y42: Erection Struktur Shelter New GTG | Z42: PT Petrowell Energy | AA42: Iman Sudirman | AB42: Andy Kurniawan | AC42: Angga Saptya Pratama & Aldila Faza Zulfah | AD42: Yusuf A. | AE42: Hawis A. | AF42: Rusman
A43: OBS-006 | B43: 1 | C43: N | F43: =IF(A43="","",IF(B43=1,"Baseline",IF(C43="Y","Reverification","Follow-up"))) -> Baseline | G43: =IF(A43="","",IF(COUNTIFS($V$2:$V$300,V43,$H$2:$H$300,H43,$B$2:$B$300,">"&B43)=0,"Y","N")) -> Y | H43: WAH | I43: =IFERROR(VLOOKUP(H43,'DATABASE-DRIFT_LATENT_HP_ERROR'!$A$143:$B$160,2,FALSE()),"") -> Work at Height | J43: A | K43: CLSR07-A | L43: Pemahaman fall restraint vs fall arrest | N43: 1 | P43: Pekerja/PA belum memahami kapan fall restraint dan fall arrest digunakan sesuai hierarchy of control WAH. | Q43: Fall from height | R43: Fall Protection | S43: 46164 | T43: =IF(S43="","",YEAR(S43)) -> 2026 | U43: =IF(S43="","","TW "&CHOOSE(ROUNDUP(MONTH(S43)/3,0),"I","II","III","IV")) -> TW II | V43: 11 | W43: CPP GUNDIH | X43: GSU / existing pipe rack near New Structure Heat Exchanger | Y43: Scaffolding / Work at Height at Heat Exchanger area | Z43: BUMDES (Subcont. PETROWELL ENERGY) | AA43: Andy Kurniawan | AB43: Iman Sudirman | AC43: Aldila Faza Zulfah | AD43: Yusuf | AE43: Harys | AF43: Sandi
A44: OBS-006 | B44: 1 | C44: N | F44: =IF(A44="","",IF(B44=1,"Baseline",IF(C44="Y","Reverification","Follow-up"))) -> Baseline | G44: =IF(A44="","",IF(COUNTIFS($V$2:$V$300,V44,$H$2:$H$300,H44,$B$2:$B$300,">"&B44)=0,"Y","N")) -> Y | H44: WAH | I44: =IFERROR(VLOOKUP(H44,'DATABASE-DRIFT_LATENT_HP_ERROR'!$A$143:$B$160,2,FALSE()),"") -> Work at Height | J44: B | K44: CLSR07-B | L44: Pemahaman restraint vs arrest lanyard | N44: 1 | P44: Pekerja mencoba menggunakan fall restraint, namun konfigurasi lanyard dan titik anchor masih memungkinkan pekerja mencapai bahaya jatuh. | Q44: Fall from height | R44: Correct Equipment | S44: 46164 | T44: =IF(S44="","",YEAR(S44)) -> 2026 | U44: =IF(S44="","","TW "&CHOOSE(ROUNDUP(MONTH(S44)/3,0),"I","II","III","IV")) -> TW II | V44: 11 | W44: CPP GUNDIH | X44: GSU / existing pipe rack near New Structure Heat Exchanger | Y44: Scaffolding / Work at Height at Heat Exchanger area | Z44: BUMDES (Subcont. PETROWELL ENERGY) | AA44: Andy Kurniawan | AB44: Iman Sudirman | AC44: Aldila Faza Zulfah | AD44: Yusuf | AE44: Harys | AF44: Sandi
A45: OBS-006 | B45: 1 | C45: N | F45: =IF(A45="","",IF(B45=1,"Baseline",IF(C45="Y","Reverification","Follow-up"))) -> Baseline | G45: =IF(A45="","",IF(COUNTIFS($V$2:$V$300,V45,$H$2:$H$300,H45,$B$2:$B$300,">"&B45)=0,"Y","N")) -> Y | H45: WAH | I45: =IFERROR(VLOOKUP(H45,'DATABASE-DRIFT_LATENT_HP_ERROR'!$A$143:$B$160,2,FALSE()),"") -> Work at Height | J45: C | K45: CLSR07-C | L45: Free fall distance calculation | N45: 1 | P45: Free fall distance, body length, shock absorber length, dan safety factor belum dapat dijelaskan/dihitung. | Q45: Fatality | R45: Engineering Safeguard | S45: 46164 | T45: =IF(S45="","",YEAR(S45)) -> 2026 | U45: =IF(S45="","","TW "&CHOOSE(ROUNDUP(MONTH(S45)/3,0),"I","II","III","IV")) -> TW II | V45: 11 | W45: CPP GUNDIH | X45: GSU / existing pipe rack near New Structure Heat Exchanger | Y45: Scaffolding / Work at Height at Heat Exchanger area | Z45: BUMDES (Subcont. PETROWELL ENERGY) | AA45: Andy Kurniawan | AB45: Iman Sudirman | AC45: Aldila Faza Zulfah | AD45: Yusuf | AE45: Harys | AF45: Sandi
A46: OBS-006 | B46: 1 | C46: N | F46: =IF(A46="","",IF(B46=1,"Baseline",IF(C46="Y","Reverification","Follow-up"))) -> Baseline | G46: =IF(A46="","",IF(COUNTIFS($V$2:$V$300,V46,$H$2:$H$300,H46,$B$2:$B$300,">"&B46)=0,"Y","N")) -> Y | H46: WAH | I46: =IFERROR(VLOOKUP(H46,'DATABASE-DRIFT_LATENT_HP_ERROR'!$A$143:$B$160,2,FALSE()),"") -> Work at Height | J46: D | K46: CLSR07-D | L46: Anchorage point verification | N46: 1 | P46: Anchorage point belum ditentukan/dibuktikan oleh competent person dan belum jelas memenuhi 5,000 lbs / 22.2 kN atau safety factor 2. | Q46: Fall Protection | R46: Anchorage Integrity | S46: 46164 | T46: =IF(S46="","",YEAR(S46)) -> 2026 | U46: =IF(S46="","","TW "&CHOOSE(ROUNDUP(MONTH(S46)/3,0),"I","II","III","IV")) -> TW II | V46: 11 | W46: CPP GUNDIH | X46: GSU / existing pipe rack near New Structure Heat Exchanger | Y46: Scaffolding / Work at Height at Heat Exchanger area | Z46: BUMDES (Subcont. PETROWELL ENERGY) | AA46: Andy Kurniawan | AB46: Iman Sudirman | AC46: Aldila Faza Zulfah | AD46: Yusuf | AE46: Harys | AF46: Sandi
A47: OBS-006 | B47: 1 | C47: N | F47: =IF(A47="","",IF(B47=1,"Baseline",IF(C47="Y","Reverification","Follow-up"))) -> Baseline | G47: =IF(A47="","",IF(COUNTIFS($V$2:$V$300,V47,$H$2:$H$300,H47,$B$2:$B$300,">"&B47)=0,"Y","N")) -> Y | H47: WAH | I47: =IFERROR(VLOOKUP(H47,'DATABASE-DRIFT_LATENT_HP_ERROR'!$A$143:$B$160,2,FALSE()),"") -> Work at Height | J47: E | K47: CLSR07-E | L47: 100% tie off | M47: 1 | P47: Pekerja memahami/menerapkan 100% tie-off pada saat observasi. | Q47: Fall Protection | R47: Continuous Connection | S47: 46164 | T47: =IF(S47="","",YEAR(S47)) -> 2026 | U47: =IF(S47="","","TW "&CHOOSE(ROUNDUP(MONTH(S47)/3,0),"I","II","III","IV")) -> TW II | V47: 11 | W47: CPP GUNDIH | X47: GSU / existing pipe rack near New Structure Heat Exchanger | Y47: Scaffolding / Work at Height at Heat Exchanger area | Z47: BUMDES (Subcont. PETROWELL ENERGY) | AA47: Andy Kurniawan | AB47: Iman Sudirman | AC47: Aldila Faza Zulfah | AD47: Yusuf | AE47: Harys | AF47: Sandi
A48: OBS-006 | B48: 1 | C48: N | F48: =IF(A48="","",IF(B48=1,"Baseline",IF(C48="Y","Reverification","Follow-up"))) -> Baseline | G48: =IF(A48="","",IF(COUNTIFS($V$2:$V$300,V48,$H$2:$H$300,H48,$B$2:$B$300,">"&B48)=0,"Y","N")) -> Y | H48: WAH | I48: =IFERROR(VLOOKUP(H48,'DATABASE-DRIFT_LATENT_HP_ERROR'!$A$143:$B$160,2,FALSE()),"") -> Work at Height | J48: F | K48: CLSR07-F | L48: Swing fall prevention | N48: 1 | P48: Posisi anchorage point belum dievaluasi untuk mencegah kontak pekerja dengan objek/permukaan saat/setelah jatuh. | Q48: Secondary impact | R48: Safe Anchorage | S48: 46164 | T48: =IF(S48="","",YEAR(S48)) -> 2026 | U48: =IF(S48="","","TW "&CHOOSE(ROUNDUP(MONTH(S48)/3,0),"I","II","III","IV")) -> TW II | V48: 11 | W48: CPP GUNDIH | X48: GSU / existing pipe rack near New Structure Heat Exchanger | Y48: Scaffolding / Work at Height at Heat Exchanger area | Z48: BUMDES (Subcont. PETROWELL ENERGY) | AA48: Andy Kurniawan | AB48: Iman Sudirman | AC48: Aldila Faza Zulfah | AD48: Yusuf | AE48: Harys | AF48: Sandi
A49: OBS-006 | B49: 1 | C49: N | F49: =IF(A49="","",IF(B49=1,"Baseline",IF(C49="Y","Reverification","Follow-up"))) -> Baseline | G49: =IF(A49="","",IF(COUNTIFS($V$2:$V$300,V49,$H$2:$H$300,H49,$B$2:$B$300,">"&B49)=0,"Y","N")) -> Y | H49: WAH | I49: =IFERROR(VLOOKUP(H49,'DATABASE-DRIFT_LATENT_HP_ERROR'!$A$143:$B$160,2,FALSE()),"") -> Work at Height | J49: G | K49: CLSR07-G | L49: Inspection equipment | M49: 1 | P49: Peralatan WAH dan scaffolding telah diinspeksi sebelum digunakan. | Q49: Equipment Integrity | R49: Equipment Inspection | S49: 46164 | T49: =IF(S49="","",YEAR(S49)) -> 2026 | U49: =IF(S49="","","TW "&CHOOSE(ROUNDUP(MONTH(S49)/3,0),"I","II","III","IV")) -> TW II | V49: 11 | W49: CPP GUNDIH | X49: GSU / existing pipe rack near New Structure Heat Exchanger | Y49: Scaffolding / Work at Height at Heat Exchanger area | Z49: BUMDES (Subcont. PETROWELL ENERGY) | AA49: Andy Kurniawan | AB49: Iman Sudirman | AC49: Aldila Faza Zulfah | AD49: Yusuf | AE49: Harys | AF49: Sandi
A50: OBS-006 | B50: 1 | C50: N | F50: =IF(A50="","",IF(B50=1,"Baseline",IF(C50="Y","Reverification","Follow-up"))) -> Baseline | G50: =IF(A50="","",IF(COUNTIFS($V$2:$V$300,V50,$H$2:$H$300,H50,$B$2:$B$300,">"&B50)=0,"Y","N")) -> Y | H50: WAH | I50: =IFERROR(VLOOKUP(H50,'DATABASE-DRIFT_LATENT_HP_ERROR'!$A$143:$B$160,2,FALSE()),"") -> Work at Height | J50: H | K50: CLSR07-H | L50: Correct harness use | M50: 1 | P50: Harness digunakan dengan benar; chest/thigh strap dan posisi D-ring sesuai. | Q50: Fall Protection | R50: Proper Harness Use | S50: 46164 | T50: =IF(S50="","",YEAR(S50)) -> 2026 | U50: =IF(S50="","","TW "&CHOOSE(ROUNDUP(MONTH(S50)/3,0),"I","II","III","IV")) -> TW II | V50: 11 | W50: CPP GUNDIH | X50: GSU / existing pipe rack near New Structure Heat Exchanger | Y50: Scaffolding / Work at Height at Heat Exchanger area | Z50: BUMDES (Subcont. PETROWELL ENERGY) | AA50: Andy Kurniawan | AB50: Iman Sudirman | AC50: Aldila Faza Zulfah | AD50: Yusuf | AE50: Harys | AF50: Sandi
A51: OBS-006 | B51: 1 | C51: N | F51: =IF(A51="","",IF(B51=1,"Baseline",IF(C51="Y","Reverification","Follow-up"))) -> Baseline | G51: =IF(A51="","",IF(COUNTIFS($V$2:$V$300,V51,$H$2:$H$300,H51,$B$2:$B$300,">"&B51)=0,"Y","N")) -> Y | H51: WAH | I51: =IFERROR(VLOOKUP(H51,'DATABASE-DRIFT_LATENT_HP_ERROR'!$A$143:$B$160,2,FALSE()),"") -> Work at Height | J51: I | K51: CLSR07-I | L51: Rescue plan | N51: 1 | P51: Tidak ada safety standby; rescue plan dan pemahaman suspension trauma serta suspension trauma relief/safety strap belum memadai. | Q51: Fatality | R51: Rescue Preparedness | S51: 46164 | T51: =IF(S51="","",YEAR(S51)) -> 2026 | U51: =IF(S51="","","TW "&CHOOSE(ROUNDUP(MONTH(S51)/3,0),"I","II","III","IV")) -> TW II | V51: 11 | W51: CPP GUNDIH | X51: GSU / existing pipe rack near New Structure Heat Exchanger | Y51: Scaffolding / Work at Height at Heat Exchanger area | Z51: BUMDES (Subcont. PETROWELL ENERGY) | AA51: Andy Kurniawan | AB51: Iman Sudirman | AC51: Aldila Faza Zulfah | AD51: Yusuf | AE51: Harys | AF51: Sandi
A52: OBS-007 | B52: 1 | C52: N | F52: =IF(A52="","",IF(B52=1,"Baseline",IF(C52="Y","Reverification","Follow-up"))) -> Baseline | G52: =IF(A52="","",IF(COUNTIFS($V$2:$V$300,V52,$H$2:$H$300,H52,$B$2:$B$300,">"&B52)=0,"Y","N")) -> Y | H52: CSE | I52: =IFERROR(VLOOKUP(H52,'DATABASE-DRIFT_LATENT_HP_ERROR'!$A$143:$B$160,2,FALSE()),"") -> Confined Space Entry | J52: A | K52: CLSR04-A | L52: Safe for entry | N52: 1 | P52: Safe for entry belum lengkap: potensi kebocoran arus di ruang cable tray belum diverifikasi oleh personel kelistrikan kompeten dan gas tester masuk tanpa alat pelindung pernapasan. | Q52: Confined space atmosphere / physical hazard | R52: Safe Entry Condition | S52: 46177 | T52: =IF(S52="","",YEAR(S52)) -> 2026 | U52: =IF(S52="","","TW "&CHOOSE(ROUNDUP(MONTH(S52)/3,0),"I","II","III","IV")) -> TW II | V52: 11 | W52: CPP GUNDIH | X52: Sub Station Building (SSB) / cable tray below SSB | Y52: Cable pulling in confined space below SSB | Z52: PT. Indoturbine | AA52: Andy Kurniawan | AB52: Johan Evvryn | AD52: Yusuf / Adha Bayu | AE52: Harys / Imam | AF52: M. Baitul Kabir
A53: OBS-007 | B53: 1 | C53: N | F53: =IF(A53="","",IF(B53=1,"Baseline",IF(C53="Y","Reverification","Follow-up"))) -> Baseline | G53: =IF(A53="","",IF(COUNTIFS($V$2:$V$300,V53,$H$2:$H$300,H53,$B$2:$B$300,">"&B53)=0,"Y","N")) -> Y | H53: CSE | I53: =IFERROR(VLOOKUP(H53,'DATABASE-DRIFT_LATENT_HP_ERROR'!$A$143:$B$160,2,FALSE()),"") -> Confined Space Entry | J53: B | K53: CLSR04-B | L53: Acceptable atmospheric condition | M53: 1 | P53: Parameter atmosfer CSE dimonitor/dibahas sesuai batas O2, LEL, H2S, dan CO. | Q53: Toxic / flammable / oxygen deficiency exposure | R53: Atmospheric Limits | S53: 46177 | T53: =IF(S53="","",YEAR(S53)) -> 2026 | U53: =IF(S53="","","TW "&CHOOSE(ROUNDUP(MONTH(S53)/3,0),"I","II","III","IV")) -> TW II | V53: 11 | W53: CPP GUNDIH | X53: Sub Station Building (SSB) / cable tray below SSB | Y53: Cable pulling in confined space below SSB | Z53: PT. Indoturbine | AA53: Andy Kurniawan | AB53: Johan Evvryn | AD53: Yusuf / Adha Bayu | AE53: Harys / Imam | AF53: M. Baitul Kabir
A54: OBS-007 | B54: 1 | C54: N | F54: =IF(A54="","",IF(B54=1,"Baseline",IF(C54="Y","Reverification","Follow-up"))) -> Baseline | G54: =IF(A54="","",IF(COUNTIFS($V$2:$V$300,V54,$H$2:$H$300,H54,$B$2:$B$300,">"&B54)=0,"Y","N")) -> Y | H54: CSE | I54: =IFERROR(VLOOKUP(H54,'DATABASE-DRIFT_LATENT_HP_ERROR'!$A$143:$B$160,2,FALSE()),"") -> Confined Space Entry | J54: C | K54: CLSR04-C | L54: Heat stress management | M54: 1 | P54: Heat stress dipertimbangkan dalam dokumen pekerjaan. | Q54: Heat stress | R54: Heat Stress Control | S54: 46177 | T54: =IF(S54="","",YEAR(S54)) -> 2026 | U54: =IF(S54="","","TW "&CHOOSE(ROUNDUP(MONTH(S54)/3,0),"I","II","III","IV")) -> TW II | V54: 11 | W54: CPP GUNDIH | X54: Sub Station Building (SSB) / cable tray below SSB | Y54: Cable pulling in confined space below SSB | Z54: PT. Indoturbine | AA54: Andy Kurniawan | AB54: Johan Evvryn | AD54: Yusuf / Adha Bayu | AE54: Harys / Imam | AF54: M. Baitul Kabir
A55: OBS-007 | B55: 1 | C55: N | F55: =IF(A55="","",IF(B55=1,"Baseline",IF(C55="Y","Reverification","Follow-up"))) -> Baseline | G55: =IF(A55="","",IF(COUNTIFS($V$2:$V$300,V55,$H$2:$H$300,H55,$B$2:$B$300,">"&B55)=0,"Y","N")) -> Y | H55: CSE | I55: =IFERROR(VLOOKUP(H55,'DATABASE-DRIFT_LATENT_HP_ERROR'!$A$143:$B$160,2,FALSE()),"") -> Confined Space Entry | J55: D | K55: CLSR04-D | L55: Atmospheric monitoring & ventilation | M55: 1 | P55: Atmospheric monitoring dan ventilasi dipertimbangkan untuk ruang terbatas. | Q55: Atmospheric hazard | R55: Ventilation & Monitoring | S55: 46177 | T55: =IF(S55="","",YEAR(S55)) -> 2026 | U55: =IF(S55="","","TW "&CHOOSE(ROUNDUP(MONTH(S55)/3,0),"I","II","III","IV")) -> TW II | V55: 11 | W55: CPP GUNDIH | X55: Sub Station Building (SSB) / cable tray below SSB | Y55: Cable pulling in confined space below SSB | Z55: PT. Indoturbine | AA55: Andy Kurniawan | AB55: Johan Evvryn | AD55: Yusuf / Adha Bayu | AE55: Harys / Imam | AF55: M. Baitul Kabir
A56: OBS-007 | B56: 1 | C56: N | F56: =IF(A56="","",IF(B56=1,"Baseline",IF(C56="Y","Reverification","Follow-up"))) -> Baseline | G56: =IF(A56="","",IF(COUNTIFS($V$2:$V$300,V56,$H$2:$H$300,H56,$B$2:$B$300,">"&B56)=0,"Y","N")) -> Y | H56: CSE | I56: =IFERROR(VLOOKUP(H56,'DATABASE-DRIFT_LATENT_HP_ERROR'!$A$143:$B$160,2,FALSE()),"") -> Confined Space Entry | J56: E | K56: CLSR04-E | L56: Isolation of hazardous energy | O56: 1 | P56: Verifikasi isolasi/absence of electrical leakage untuk pekerjaan penarikan kabel di confined space belum memadai. | Q56: Unexpected energy / hazardous atmosphere ingress | R56: Isolation Verification | S56: 46177 | T56: =IF(S56="","",YEAR(S56)) -> 2026 | U56: =IF(S56="","","TW "&CHOOSE(ROUNDUP(MONTH(S56)/3,0),"I","II","III","IV")) -> TW II | V56: 11 | W56: CPP GUNDIH | X56: Sub Station Building (SSB) / cable tray below SSB | Y56: Cable pulling in confined space below SSB | Z56: PT. Indoturbine | AA56: Andy Kurniawan | AB56: Johan Evvryn | AD56: Yusuf / Adha Bayu | AE56: Harys / Imam | AF56: M. Baitul Kabir
A57: OBS-007 | B57: 1 | C57: N | F57: =IF(A57="","",IF(B57=1,"Baseline",IF(C57="Y","Reverification","Follow-up"))) -> Baseline | G57: =IF(A57="","",IF(COUNTIFS($V$2:$V$300,V57,$H$2:$H$300,H57,$B$2:$B$300,">"&B57)=0,"Y","N")) -> Y | H57: CSE | I57: =IFERROR(VLOOKUP(H57,'DATABASE-DRIFT_LATENT_HP_ERROR'!$A$143:$B$160,2,FALSE()),"") -> Confined Space Entry | J57: G | K57: CLSR04-G | L57: Entry Watch responsibilities | N57: 1 | P57: Watch Man/standby person belum tersedia dan checklist kebutuhan Watch Man serta penanganan emergency belum dicentang. | Q57: Failed emergency response | R57: Entry Watch | S57: 46177 | T57: =IF(S58="","",YEAR(S58)) -> 2026 | U57: =IF(S58="","","TW "&CHOOSE(ROUNDUP(MONTH(S58)/3,0),"I","II","III","IV")) -> TW II | V57: 11 | W57: CPP GUNDIH | X57: Sub Station Building (SSB) / cable tray below SSB | Y57: Cable pulling in confined space below SSB | Z57: PT. Indoturbine | AA57: Andy Kurniawan | AB57: Johan Evvryn | AD57: Yusuf / Adha Bayu | AE57: Harys / Imam | AF57: M. Baitul Kabir
A58: OBS-007 | B58: 1 | C58: N | F58: =IF(A58="","",IF(B58=1,"Baseline",IF(C58="Y","Reverification","Follow-up"))) -> Baseline | G58: =IF(A58="","",IF(COUNTIFS($V$2:$V$300,V58,$H$2:$H$300,H58,$B$2:$B$300,">"&B58)=0,"Y","N")) -> Y | H58: CSE | I58: =IFERROR(VLOOKUP(H58,'DATABASE-DRIFT_LATENT_HP_ERROR'!$A$143:$B$160,2,FALSE()),"") -> Confined Space Entry | J58: F | K58: CLSR04-F | L58: Entry Watch responsibilities | M58: 1 | P58: Watch Man/standby person belum tersedia dan checklist kebutuhan Watch Man serta penanganan emergency belum dicentang. | Q58: Failed emergency response | R58: Entry Watch | S58: 46177 | T58: =IF(S58="","",YEAR(S58)) -> 2026 | U58: =IF(S58="","","TW "&CHOOSE(ROUNDUP(MONTH(S58)/3,0),"I","II","III","IV")) -> TW II | V58: 11 | W58: CPP GUNDIH | X58: Sub Station Building (SSB) / cable tray below SSB | Y58: Cable pulling in confined space below SSB | Z58: PT. Indoturbine | AA58: Andy Kurniawan | AB58: Johan Evvryn | AD58: Yusuf / Adha Bayu | AE58: Harys / Imam | AF58: M. Baitul Kabir
A59: OBS-008 | B59: 1 | C59: N | F59: =IF(A59="","",IF(B59=1,"Baseline",IF(C59="Y","Reverification","Follow-up"))) -> Baseline | G59: =IF(A59="","",IF(COUNTIFS($V$2:$V$300,V59,$H$2:$H$300,H59,$B$2:$B$300,">"&B59)=0,"Y","N")) -> Y | H59: CSE | I59: =IFERROR(VLOOKUP(H59,'DATABASE-DRIFT_LATENT_HP_ERROR'!$A$143:$B$160,2,FALSE()),"") -> Confined Space Entry | J59: A | K59: CLSR04-A | L59: Safe for entry | N59: 1 | P59: Risk Assessment/RP3K belum memasukkan biological hazard dan pertolongan pertamanya; safe-entry review belum komprehensif. | Q59: Confined space atmosphere / physical hazard | R59: Safe Entry Condition | S59: 46178 | T59: =IF(S59="","",YEAR(S59)) -> 2026 | U59: =IF(S59="","","TW "&CHOOSE(ROUNDUP(MONTH(S59)/3,0),"I","II","III","IV")) -> TW II | V59: 11 | W59: MOS MENGGUNG | X59: Tank T-0006 | Y59: Hot work repair bottom floor inside tank | Z59: PT. EJJV | AA59: Andy Kurniawan | AB59: Yoyok / Fahlevy | AC59: Budi Handoyo | AD59: Rudy Setianto | AE59: Ahmad K / Fahlevy | AF59: Adi
A60: OBS-008 | B60: 1 | C60: N | F60: =IF(A60="","",IF(B60=1,"Baseline",IF(C60="Y","Reverification","Follow-up"))) -> Baseline | G60: =IF(A60="","",IF(COUNTIFS($V$2:$V$300,V60,$H$2:$H$300,H60,$B$2:$B$300,">"&B60)=0,"Y","N")) -> Y | H60: CSE | I60: =IFERROR(VLOOKUP(H60,'DATABASE-DRIFT_LATENT_HP_ERROR'!$A$143:$B$160,2,FALSE()),"") -> Confined Space Entry | J60: B | K60: CLSR04-B | L60: Acceptable atmospheric condition | M60: 1 | P60: Kondisi atmosfer dimonitor sesuai parameter CSE. | Q60: Toxic / flammable / oxygen deficiency exposure | R60: Atmospheric Limits | S60: 46178 | T60: =IF(S60="","",YEAR(S60)) -> 2026 | U60: =IF(S60="","","TW "&CHOOSE(ROUNDUP(MONTH(S60)/3,0),"I","II","III","IV")) -> TW II | V60: 11 | W60: MOS MENGGUNG | X60: Tank T-0006 | Y60: Hot work repair bottom floor inside tank | Z60: PT. EJJV | AA60: Andy Kurniawan | AB60: Yoyok / Fahlevy | AC60: Budi Handoyo | AD60: Rudy Setianto | AE60: Ahmad K / Fahlevy | AF60: Adi
A61: OBS-008 | B61: 1 | C61: N | F61: =IF(A61="","",IF(B61=1,"Baseline",IF(C61="Y","Reverification","Follow-up"))) -> Baseline | G61: =IF(A61="","",IF(COUNTIFS($V$2:$V$300,V61,$H$2:$H$300,H61,$B$2:$B$300,">"&B61)=0,"Y","N")) -> Y | H61: CSE | I61: =IFERROR(VLOOKUP(H61,'DATABASE-DRIFT_LATENT_HP_ERROR'!$A$143:$B$160,2,FALSE()),"") -> Confined Space Entry | J61: C | K61: CLSR04-C | L61: Heat stress management | M61: 1 | P61: Heat stress dipertimbangkan dalam pekerjaan di dalam tanki. | Q61: Heat stress | R61: Heat Stress Control | S61: 46178 | T61: =IF(S61="","",YEAR(S61)) -> 2026 | U61: =IF(S61="","","TW "&CHOOSE(ROUNDUP(MONTH(S61)/3,0),"I","II","III","IV")) -> TW II | V61: 11 | W61: MOS MENGGUNG | X61: Tank T-0006 | Y61: Hot work repair bottom floor inside tank | Z61: PT. EJJV | AA61: Andy Kurniawan | AB61: Yoyok / Fahlevy | AC61: Budi Handoyo | AD61: Rudy Setianto | AE61: Ahmad K / Fahlevy | AF61: Adi
A62: OBS-008 | B62: 1 | C62: N | F62: =IF(A62="","",IF(B62=1,"Baseline",IF(C62="Y","Reverification","Follow-up"))) -> Baseline | G62: =IF(A62="","",IF(COUNTIFS($V$2:$V$300,V62,$H$2:$H$300,H62,$B$2:$B$300,">"&B62)=0,"Y","N")) -> Y | H62: CSE | I62: =IFERROR(VLOOKUP(H62,'DATABASE-DRIFT_LATENT_HP_ERROR'!$A$143:$B$160,2,FALSE()),"") -> Confined Space Entry | J62: D | K62: CLSR04-D | L62: Atmospheric monitoring & ventilation | M62: 1 | P62: Empat explosion proof blower tersedia untuk ventilasi tanki. | Q62: Atmospheric hazard | R62: Ventilation & Monitoring | S62: 46178 | T62: =IF(S62="","",YEAR(S62)) -> 2026 | U62: =IF(S62="","","TW "&CHOOSE(ROUNDUP(MONTH(S62)/3,0),"I","II","III","IV")) -> TW II | V62: 11 | W62: MOS MENGGUNG | X62: Tank T-0006 | Y62: Hot work repair bottom floor inside tank | Z62: PT. EJJV | AA62: Andy Kurniawan | AB62: Yoyok / Fahlevy | AC62: Budi Handoyo | AD62: Rudy Setianto | AE62: Ahmad K / Fahlevy | AF62: Adi
A63: OBS-008 | B63: 1 | C63: N | F63: =IF(A63="","",IF(B63=1,"Baseline",IF(C63="Y","Reverification","Follow-up"))) -> Baseline | G63: =IF(A63="","",IF(COUNTIFS($V$2:$V$300,V63,$H$2:$H$300,H63,$B$2:$B$300,">"&B63)=0,"Y","N")) -> Y | H63: CSE | I63: =IFERROR(VLOOKUP(H63,'DATABASE-DRIFT_LATENT_HP_ERROR'!$A$143:$B$160,2,FALSE()),"") -> Confined Space Entry | J63: E | K63: CLSR04-E | L63: Isolation of hazardous energy | M63: 1 | P63: Isolation of hazardous energy diverifikasi melalui permit/certificate sebelum entry. | Q63: Unexpected energy / hazardous atmosphere ingress | R63: Isolation Verification | S63: 46178 | T63: =IF(S63="","",YEAR(S63)) -> 2026 | U63: =IF(S63="","","TW "&CHOOSE(ROUNDUP(MONTH(S63)/3,0),"I","II","III","IV")) -> TW II | V63: 11 | W63: MOS MENGGUNG | X63: Tank T-0006 | Y63: Hot work repair bottom floor inside tank | Z63: PT. EJJV | AA63: Andy Kurniawan | AB63: Yoyok / Fahlevy | AC63: Budi Handoyo | AD63: Rudy Setianto | AE63: Ahmad K / Fahlevy | AF63: Adi
A64: OBS-008 | B64: 1 | C64: N | F64: =IF(A64="","",IF(B64=1,"Baseline",IF(C64="Y","Reverification","Follow-up"))) -> Baseline | G64: =IF(A64="","",IF(COUNTIFS($V$2:$V$300,V64,$H$2:$H$300,H64,$B$2:$B$300,">"&B64)=0,"Y","N")) -> Y | H64: CSE | I64: =IFERROR(VLOOKUP(H64,'DATABASE-DRIFT_LATENT_HP_ERROR'!$A$143:$B$160,2,FALSE()),"") -> Confined Space Entry | J64: F | K64: CLSR04-F | L64: Rescue preparation | N64: 1 | P64: Basket stretcher tersedia, tetapi rescue plan, SCBA, tali penarik, dan personel rescue kompeten belum memadai. | Q64: Fatality during emergency rescue | R64: Rescue Preparedness | S64: 46178 | T64: =IF(S64="","",YEAR(S64)) -> 2026 | U64: =IF(S64="","","TW "&CHOOSE(ROUNDUP(MONTH(S64)/3,0),"I","II","III","IV")) -> TW II | V64: 11 | W64: MOS MENGGUNG | X64: Tank T-0006 | Y64: Hot work repair bottom floor inside tank | Z64: PT. EJJV | AA64: Andy Kurniawan | AB64: Yoyok / Fahlevy | AC64: Budi Handoyo | AD64: Rudy Setianto | AE64: Ahmad K / Fahlevy | AF64: Adi
A65: OBS-008 | B65: 1 | C65: N | F65: =IF(A65="","",IF(B65=1,"Baseline",IF(C65="Y","Reverification","Follow-up"))) -> Baseline | G65: =IF(A65="","",IF(COUNTIFS($V$2:$V$300,V65,$H$2:$H$300,H65,$B$2:$B$300,">"&B65)=0,"Y","N")) -> Y | H65: CSE | I65: =IFERROR(VLOOKUP(H65,'DATABASE-DRIFT_LATENT_HP_ERROR'!$A$143:$B$160,2,FALSE()),"") -> Confined Space Entry | J65: G | K65: CLSR04-G | L65: Entry Watch responsibilities | N65: 1 | P65: Watch Man merangkap HSSE/gas tester sehingga tidak fully dedicated memonitor entrant dan kondisi ruang terbatas. | Q65: Failed emergency response | R65: Entry Watch | S65: 46178 | T65: =IF(S65="","",YEAR(S65)) -> 2026 | U65: =IF(S65="","","TW "&CHOOSE(ROUNDUP(MONTH(S65)/3,0),"I","II","III","IV")) -> TW II | V65: 11 | W65: MOS MENGGUNG | X65: Tank T-0006 | Y65: Hot work repair bottom floor inside tank | Z65: PT. EJJV | AA65: Andy Kurniawan | AB65: Yoyok / Fahlevy | AC65: Budi Handoyo | AD65: Rudy Setianto | AE65: Ahmad K / Fahlevy | AF65: Adi
A66: OBS-009 | B66: 1 | C66: N | F66: =IF(A66="","",IF(B66=1,"Baseline",IF(C66="Y","Reverification","Follow-up"))) -> Baseline | G66: =IF(A66="","",IF(COUNTIFS($V$2:$V$300,V66,$H$2:$H$300,H66,$B$2:$B$300,">"&B66)=0,"Y","N")) -> Y | H66: CSE | I66: =IFERROR(VLOOKUP(H66,'DATABASE-DRIFT_LATENT_HP_ERROR'!$A$143:$B$160,2,FALSE()),"") -> Confined Space Entry | J66: A | K66: CLSR04-A | L66: Safe for entry | N66: 1 | P66: Risk Assessment/RP3K belum memasukkan biological hazard dan pertolongan pertamanya; safe-entry review belum komprehensif. | Q66: Confined space atmosphere / physical hazard | R66: Safe Entry Condition | S66: 46178 | T66: =IF(S66="","",YEAR(S66)) -> 2026 | U66: =IF(S66="","","TW "&CHOOSE(ROUNDUP(MONTH(S66)/3,0),"I","II","III","IV")) -> TW II | V66: 11 | W66: Gas Plant Lengowangi | X66: Condensate Tank TK-5600 A/B | Y66: Blasting painting inside condensate tank | Z66: PT. EJJV | AA66: Andy Kurniawan | AB66: Ghofur / Wisnu / Angga Wahyu | AC66: M. Sadad / Slamet | AD66: Erwin | AE66: Angga Wahyu | AF66: Ghofur
A67: OBS-009 | B67: 1 | C67: N | F67: =IF(A67="","",IF(B67=1,"Baseline",IF(C67="Y","Reverification","Follow-up"))) -> Baseline | G67: =IF(A67="","",IF(COUNTIFS($V$2:$V$300,V67,$H$2:$H$300,H67,$B$2:$B$300,">"&B67)=0,"Y","N")) -> Y | H67: CSE | I67: =IFERROR(VLOOKUP(H67,'DATABASE-DRIFT_LATENT_HP_ERROR'!$A$143:$B$160,2,FALSE()),"") -> Confined Space Entry | J67: B | K67: CLSR04-B | L67: Acceptable atmospheric condition | M67: 1 | P67: Kondisi atmosfer dimonitor sesuai parameter CSE. | Q67: Toxic / flammable / oxygen deficiency exposure | R67: Atmospheric Limits | S67: 46178 | T67: =IF(S67="","",YEAR(S67)) -> 2026 | U67: =IF(S67="","","TW "&CHOOSE(ROUNDUP(MONTH(S67)/3,0),"I","II","III","IV")) -> TW II | V67: 11 | W67: Gas Plant Lengowangi | X67: Condensate Tank TK-5600 A/B | Y67: Blasting painting inside condensate tank | Z67: PT. EJJV | AA67: Andy Kurniawan | AB67: Ghofur / Wisnu / Angga Wahyu | AC67: M. Sadad / Slamet | AD67: Erwin | AE67: Angga Wahyu | AF67: Ghofur
A68: OBS-009 | B68: 1 | C68: N | F68: =IF(A68="","",IF(B68=1,"Baseline",IF(C68="Y","Reverification","Follow-up"))) -> Baseline | G68: =IF(A68="","",IF(COUNTIFS($V$2:$V$300,V68,$H$2:$H$300,H68,$B$2:$B$300,">"&B68)=0,"Y","N")) -> Y | H68: CSE | I68: =IFERROR(VLOOKUP(H68,'DATABASE-DRIFT_LATENT_HP_ERROR'!$A$143:$B$160,2,FALSE()),"") -> Confined Space Entry | J68: C | K68: CLSR04-C | L68: Heat stress management | M68: 1 | P68: Heat stress dipertimbangkan dalam pekerjaan blasting/painting di dalam tanki. | Q68: Heat stress | R68: Heat Stress Control | S68: 46178 | T68: =IF(S68="","",YEAR(S68)) -> 2026 | U68: =IF(S68="","","TW "&CHOOSE(ROUNDUP(MONTH(S68)/3,0),"I","II","III","IV")) -> TW II | V68: 11 | W68: Gas Plant Lengowangi | X68: Condensate Tank TK-5600 A/B | Y68: Blasting painting inside condensate tank | Z68: PT. EJJV | AA68: Andy Kurniawan | AB68: Ghofur / Wisnu / Angga Wahyu | AC68: M. Sadad / Slamet | AD68: Erwin | AE68: Angga Wahyu | AF68: Ghofur
A69: OBS-009 | B69: 1 | C69: N | F69: =IF(A69="","",IF(B69=1,"Baseline",IF(C69="Y","Reverification","Follow-up"))) -> Baseline | G69: =IF(A69="","",IF(COUNTIFS($V$2:$V$300,V69,$H$2:$H$300,H69,$B$2:$B$300,">"&B69)=0,"Y","N")) -> Y | H69: CSE | I69: =IFERROR(VLOOKUP(H69,'DATABASE-DRIFT_LATENT_HP_ERROR'!$A$143:$B$160,2,FALSE()),"") -> Confined Space Entry | J69: D | K69: CLSR04-D | L69: Atmospheric monitoring & ventilation | M69: 1 | P69: Empat explosion proof blower tersedia untuk ventilasi tanki. | Q69: Atmospheric hazard | R69: Ventilation & Monitoring | S69: 46178 | T69: =IF(S69="","",YEAR(S69)) -> 2026 | U69: =IF(S69="","","TW "&CHOOSE(ROUNDUP(MONTH(S69)/3,0),"I","II","III","IV")) -> TW II | V69: 11 | W69: Gas Plant Lengowangi | X69: Condensate Tank TK-5600 A/B | Y69: Blasting painting inside condensate tank | Z69: PT. EJJV | AA69: Andy Kurniawan | AB69: Ghofur / Wisnu / Angga Wahyu | AC69: M. Sadad / Slamet | AD69: Erwin | AE69: Angga Wahyu | AF69: Ghofur
A70: OBS-009 | B70: 1 | C70: N | F70: =IF(A70="","",IF(B70=1,"Baseline",IF(C70="Y","Reverification","Follow-up"))) -> Baseline | G70: =IF(A70="","",IF(COUNTIFS($V$2:$V$300,V70,$H$2:$H$300,H70,$B$2:$B$300,">"&B70)=0,"Y","N")) -> Y | H70: CSE | I70: =IFERROR(VLOOKUP(H70,'DATABASE-DRIFT_LATENT_HP_ERROR'!$A$143:$B$160,2,FALSE()),"") -> Confined Space Entry | J70: E | K70: CLSR04-E | L70: Isolation of hazardous energy | M70: 1 | P70: Isolation of hazardous energy diverifikasi melalui permit/certificate sebelum entry. | Q70: Unexpected energy / hazardous atmosphere ingress | R70: Isolation Verification | S70: 46178 | T70: =IF(S70="","",YEAR(S70)) -> 2026 | U70: =IF(S70="","","TW "&CHOOSE(ROUNDUP(MONTH(S70)/3,0),"I","II","III","IV")) -> TW II | V70: 11 | W70: Gas Plant Lengowangi | X70: Condensate Tank TK-5600 A/B | Y70: Blasting painting inside condensate tank | Z70: PT. EJJV | AA70: Andy Kurniawan | AB70: Ghofur / Wisnu / Angga Wahyu | AC70: M. Sadad / Slamet | AD70: Erwin | AE70: Angga Wahyu | AF70: Ghofur
A71: OBS-009 | B71: 1 | C71: N | F71: =IF(A71="","",IF(B71=1,"Baseline",IF(C71="Y","Reverification","Follow-up"))) -> Baseline | G71: =IF(A71="","",IF(COUNTIFS($V$2:$V$300,V71,$H$2:$H$300,H71,$B$2:$B$300,">"&B71)=0,"Y","N")) -> Y | H71: CSE | I71: =IFERROR(VLOOKUP(H71,'DATABASE-DRIFT_LATENT_HP_ERROR'!$A$143:$B$160,2,FALSE()),"") -> Confined Space Entry | J71: F | K71: CLSR04-F | L71: Rescue preparation | N71: 1 | P71: Basket stretcher tersedia, tetapi rescue plan, SCBA, tali penarik, dan personel rescue kompeten belum memadai. | Q71: Fatality during emergency rescue | R71: Rescue Preparedness | S71: 46178 | T71: =IF(S71="","",YEAR(S71)) -> 2026 | U71: =IF(S71="","","TW "&CHOOSE(ROUNDUP(MONTH(S71)/3,0),"I","II","III","IV")) -> TW II | V71: 11 | W71: Gas Plant Lengowangi | X71: Condensate Tank TK-5600 A/B | Y71: Blasting painting inside condensate tank | Z71: PT. EJJV | AA71: Andy Kurniawan | AB71: Ghofur / Wisnu / Angga Wahyu | AC71: M. Sadad / Slamet | AD71: Erwin | AE71: Angga Wahyu | AF71: Ghofur
A72: OBS-009 | B72: 1 | C72: N | F72: =IF(A72="","",IF(B72=1,"Baseline",IF(C72="Y","Reverification","Follow-up"))) -> Baseline | G72: =IF(A72="","",IF(COUNTIFS($V$2:$V$300,V72,$H$2:$H$300,H72,$B$2:$B$300,">"&B72)=0,"Y","N")) -> Y | H72: CSE | I72: =IFERROR(VLOOKUP(H72,'DATABASE-DRIFT_LATENT_HP_ERROR'!$A$143:$B$160,2,FALSE()),"") -> Confined Space Entry | J72: G | K72: CLSR04-G | L72: Entry Watch responsibilities | N72: 1 | P72: Watch Man tidak fully dedicated memonitor entrant/kondisi ruang terbatas karena merangkap aktivitas lain. | Q72: Failed emergency response | R72: Entry Watch | S72: 46178 | T72: =IF(S72="","",YEAR(S72)) -> 2026 | U72: =IF(S72="","","TW "&CHOOSE(ROUNDUP(MONTH(S72)/3,0),"I","II","III","IV")) -> TW II | V72: 11 | W72: Gas Plant Lengowangi | X72: Condensate Tank TK-5600 A/B | Y72: Blasting painting inside condensate tank | Z72: PT. EJJV | AA72: Andy Kurniawan | AB72: Ghofur / Wisnu / Angga Wahyu | AC72: M. Sadad / Slamet | AD72: Erwin | AE72: Angga Wahyu | AF72: Ghofur
A73: OBS-010 | B73: 1 | C73: N | F73: =IF(A73="","",IF(B73=1,"Baseline",IF(C73="Y","Reverification","Follow-up"))) -> Baseline | G73: =IF(A73="","",IF(COUNTIFS($V$2:$V$300,V73,$H$2:$H$300,H73,$B$2:$B$300,">"&B73)=0,"Y","N")) -> Y | H73: WAH | I73: =IFERROR(VLOOKUP(H73,'DATABASE-DRIFT_LATENT_HP_ERROR'!$A$143:$B$160,2,FALSE()),"") -> Work at Height | J73: A | K73: CLSR07-A | L73: Pemahaman fall restraint vs fall arrest | N73: 1 | P73: AA, PA, dan pekerja belum memahami perbedaan fall restraint dan fall arrest untuk pekerjaan pada scaffolding/struktur. | Q73: Fall from height | R73: Fall Protection | S73: 46177 | T73: =IF(S73="","",YEAR(S73)) -> 2026 | U73: =IF(S73="","","TW "&CHOOSE(ROUNDUP(MONTH(S73)/3,0),"I","II","III","IV")) -> TW II | V73: 11 | W73: CPP GUNDIH | X73: New Heat Exchanger steel structure / scaffolding | Y73: Install steel structure new HE CPP Gundih | Z73: PT. PETROWELL ENERGY | AA73: Andy Kurniawan | AB73: Johan | AC73: Anwar | AD73: Adha Bayu | AE73: Harys | AF73: Umbu Nggala Lili
A74: OBS-010 | B74: 1 | C74: N | F74: =IF(A74="","",IF(B74=1,"Baseline",IF(C74="Y","Reverification","Follow-up"))) -> Baseline | G74: =IF(A74="","",IF(COUNTIFS($V$2:$V$300,V74,$H$2:$H$300,H74,$B$2:$B$300,">"&B74)=0,"Y","N")) -> Y | H74: WAH | I74: =IFERROR(VLOOKUP(H74,'DATABASE-DRIFT_LATENT_HP_ERROR'!$A$143:$B$160,2,FALSE()),"") -> Work at Height | J74: B | K74: CLSR07-B | L74: Pemahaman restraint vs arrest lanyard | N74: 1 | P74: SWC belum cukup menjelaskan perbedaan fall arrest lanyard dan fall restraint lanyard serta pemilihan equipment yang sesuai. | Q74: Fall from height | R74: Correct Equipment | S74: 46177 | T74: =IF(S74="","",YEAR(S74)) -> 2026 | U74: =IF(S74="","","TW "&CHOOSE(ROUNDUP(MONTH(S74)/3,0),"I","II","III","IV")) -> TW II | V74: 11 | W74: CPP GUNDIH | X74: New Heat Exchanger steel structure / scaffolding | Y74: Install steel structure new HE CPP Gundih | Z74: PT. PETROWELL ENERGY | AA74: Andy Kurniawan | AB74: Johan | AC74: Anwar | AD74: Adha Bayu | AE74: Harys | AF74: Umbu Nggala Lili
A75: OBS-010 | B75: 1 | C75: N | F75: =IF(A75="","",IF(B75=1,"Baseline",IF(C75="Y","Reverification","Follow-up"))) -> Baseline | G75: =IF(A75="","",IF(COUNTIFS($V$2:$V$300,V75,$H$2:$H$300,H75,$B$2:$B$300,">"&B75)=0,"Y","N")) -> Y | H75: WAH | I75: =IFERROR(VLOOKUP(H75,'DATABASE-DRIFT_LATENT_HP_ERROR'!$A$143:$B$160,2,FALSE()),"") -> Work at Height | J75: C | K75: CLSR07-C | L75: Free fall distance calculation | N75: 1 | P75: Body harness/lanyard memiliki shock absorber tetapi minimum free fall distance/total fall clearance belum dievaluasi. | Q75: Fatality | R75: Engineering Safeguard | S75: 46177 | T75: =IF(S75="","",YEAR(S75)) -> 2026 | U75: =IF(S75="","","TW "&CHOOSE(ROUNDUP(MONTH(S75)/3,0),"I","II","III","IV")) -> TW II | V75: 11 | W75: CPP GUNDIH | X75: New Heat Exchanger steel structure / scaffolding | Y75: Install steel structure new HE CPP Gundih | Z75: PT. PETROWELL ENERGY | AA75: Andy Kurniawan | AB75: Johan | AC75: Anwar | AD75: Adha Bayu | AE75: Harys | AF75: Umbu Nggala Lili
A76: OBS-010 | B76: 1 | C76: N | F76: =IF(A76="","",IF(B76=1,"Baseline",IF(C76="Y","Reverification","Follow-up"))) -> Baseline | G76: =IF(A76="","",IF(COUNTIFS($V$2:$V$300,V76,$H$2:$H$300,H76,$B$2:$B$300,">"&B76)=0,"Y","N")) -> Y | H76: WAH | I76: =IFERROR(VLOOKUP(H76,'DATABASE-DRIFT_LATENT_HP_ERROR'!$A$143:$B$160,2,FALSE()),"") -> Work at Height | J76: D | K76: CLSR07-D | L76: Anchorage point verification | N76: 1 | P76: Tim belum memahami anchorage point requirement dan belum membuktikan kapasitas anchor terhadap gaya jatuh. | Q76: Fall Protection | R76: Anchorage Integrity | S76: 46177 | T76: =IF(S76="","",YEAR(S76)) -> 2026 | U76: =IF(S76="","","TW "&CHOOSE(ROUNDUP(MONTH(S76)/3,0),"I","II","III","IV")) -> TW II | V76: 11 | W76: CPP GUNDIH | X76: New Heat Exchanger steel structure / scaffolding | Y76: Install steel structure new HE CPP Gundih | Z76: PT. PETROWELL ENERGY | AA76: Andy Kurniawan | AB76: Johan | AC76: Anwar | AD76: Adha Bayu | AE76: Harys | AF76: Umbu Nggala Lili
A77: OBS-010 | B77: 1 | C77: N | F77: =IF(A77="","",IF(B77=1,"Baseline",IF(C77="Y","Reverification","Follow-up"))) -> Baseline | G77: =IF(A77="","",IF(COUNTIFS($V$2:$V$300,V77,$H$2:$H$300,H77,$B$2:$B$300,">"&B77)=0,"Y","N")) -> Y | H77: WAH | I77: =IFERROR(VLOOKUP(H77,'DATABASE-DRIFT_LATENT_HP_ERROR'!$A$143:$B$160,2,FALSE()),"") -> Work at Height | J77: E | K77: CLSR07-E | L77: 100% tie off | M77: 1 | P77: Pekerja memahami/menerapkan 100% tie-off pada saat observasi. | Q77: Fall Protection | R77: Continuous Connection | S77: 46177 | T77: =IF(S77="","",YEAR(S77)) -> 2026 | U77: =IF(S77="","","TW "&CHOOSE(ROUNDUP(MONTH(S77)/3,0),"I","II","III","IV")) -> TW II | V77: 11 | W77: CPP GUNDIH | X77: New Heat Exchanger steel structure / scaffolding | Y77: Install steel structure new HE CPP Gundih | Z77: PT. PETROWELL ENERGY | AA77: Andy Kurniawan | AB77: Johan | AC77: Anwar | AD77: Adha Bayu | AE77: Harys | AF77: Umbu Nggala Lili
A78: OBS-010 | B78: 1 | C78: N | F78: =IF(A78="","",IF(B78=1,"Baseline",IF(C78="Y","Reverification","Follow-up"))) -> Baseline | G78: =IF(A78="","",IF(COUNTIFS($V$2:$V$300,V78,$H$2:$H$300,H78,$B$2:$B$300,">"&B78)=0,"Y","N")) -> Y | H78: WAH | I78: =IFERROR(VLOOKUP(H78,'DATABASE-DRIFT_LATENT_HP_ERROR'!$A$143:$B$160,2,FALSE()),"") -> Work at Height | J78: F | K78: CLSR07-F | L78: Swing fall prevention | N78: 1 | P78: Posisi anchorage point belum dievaluasi untuk mencegah swing fall/impact hazard. | Q78: Secondary impact | R78: Safe Anchorage | S78: 46177 | T78: =IF(S78="","",YEAR(S78)) -> 2026 | U78: =IF(S78="","","TW "&CHOOSE(ROUNDUP(MONTH(S78)/3,0),"I","II","III","IV")) -> TW II | V78: 11 | W78: CPP GUNDIH | X78: New Heat Exchanger steel structure / scaffolding | Y78: Install steel structure new HE CPP Gundih | Z78: PT. PETROWELL ENERGY | AA78: Andy Kurniawan | AB78: Johan | AC78: Anwar | AD78: Adha Bayu | AE78: Harys | AF78: Umbu Nggala Lili
A79: OBS-010 | B79: 1 | C79: N | F79: =IF(A79="","",IF(B79=1,"Baseline",IF(C79="Y","Reverification","Follow-up"))) -> Baseline | G79: =IF(A79="","",IF(COUNTIFS($V$2:$V$300,V79,$H$2:$H$300,H79,$B$2:$B$300,">"&B79)=0,"Y","N")) -> Y | H79: WAH | I79: =IFERROR(VLOOKUP(H79,'DATABASE-DRIFT_LATENT_HP_ERROR'!$A$143:$B$160,2,FALSE()),"") -> Work at Height | J79: G | K79: CLSR07-G | L79: Inspection equipment | N79: 1 | P79: Salah satu struktur scaffolding digunakan walaupun toe board belum lengkap dan belum dipasang Green Inspection Tag. | Q79: Equipment Integrity | R79: Equipment Inspection | S79: 46177 | T79: =IF(S79="","",YEAR(S79)) -> 2026 | U79: =IF(S79="","","TW "&CHOOSE(ROUNDUP(MONTH(S79)/3,0),"I","II","III","IV")) -> TW II | V79: 11 | W79: CPP GUNDIH | X79: New Heat Exchanger steel structure / scaffolding | Y79: Install steel structure new HE CPP Gundih | Z79: PT. PETROWELL ENERGY | AA79: Andy Kurniawan | AB79: Johan | AC79: Anwar | AD79: Adha Bayu | AE79: Harys | AF79: Umbu Nggala Lili
A80: OBS-010 | B80: 1 | C80: N | F80: =IF(A80="","",IF(B80=1,"Baseline",IF(C80="Y","Reverification","Follow-up"))) -> Baseline | G80: =IF(A80="","",IF(COUNTIFS($V$2:$V$300,V80,$H$2:$H$300,H80,$B$2:$B$300,">"&B80)=0,"Y","N")) -> Y | H80: WAH | I80: =IFERROR(VLOOKUP(H80,'DATABASE-DRIFT_LATENT_HP_ERROR'!$A$143:$B$160,2,FALSE()),"") -> Work at Height | J80: H | K80: CLSR07-H | L80: Correct harness use | M80: 1 | P80: Harness digunakan dengan benar oleh pekerja. | Q80: Fall Protection | R80: Proper Harness Use | S80: 46177 | T80: =IF(S80="","",YEAR(S80)) -> 2026 | U80: =IF(S80="","","TW "&CHOOSE(ROUNDUP(MONTH(S80)/3,0),"I","II","III","IV")) -> TW II | V80: 11 | W80: CPP GUNDIH | X80: New Heat Exchanger steel structure / scaffolding | Y80: Install steel structure new HE CPP Gundih | Z80: PT. PETROWELL ENERGY | AA80: Andy Kurniawan | AB80: Johan | AC80: Anwar | AD80: Adha Bayu | AE80: Harys | AF80: Umbu Nggala Lili
A81: OBS-010 | B81: 1 | C81: N | F81: =IF(A81="","",IF(B81=1,"Baseline",IF(C81="Y","Reverification","Follow-up"))) -> Baseline | G81: =IF(A81="","",IF(COUNTIFS($V$2:$V$300,V81,$H$2:$H$300,H81,$B$2:$B$300,">"&B81)=0,"Y","N")) -> Y | H81: WAH | I81: =IFERROR(VLOOKUP(H81,'DATABASE-DRIFT_LATENT_HP_ERROR'!$A$143:$B$160,2,FALSE()),"") -> Work at Height | J81: I | K81: CLSR07-I | L81: Rescue plan | N81: 1 | P81: Tidak ada rescue plan memadai terutama untuk suspension trauma dan tidak tersedia perlengkapan suspension trauma relief. | Q81: Fatality | R81: Rescue Preparedness | S81: 46177 | T81: =IF(S81="","",YEAR(S81)) -> 2026 | U81: =IF(S81="","","TW "&CHOOSE(ROUNDUP(MONTH(S81)/3,0),"I","II","III","IV")) -> TW II | V81: 11 | W81: CPP GUNDIH | X81: New Heat Exchanger steel structure / scaffolding | Y81: Install steel structure new HE CPP Gundih | Z81: PT. PETROWELL ENERGY | AA81: Andy Kurniawan | AB81: Johan | AC81: Anwar | AD81: Adha Bayu | AE81: Harys | AF81: Umbu Nggala Lili
F82: =IF(A82="","",IF(B82=1,"Baseline",IF(C82="Y","Reverification","Follow-up"))) | G82: =IF(A82="","",IF(COUNTIFS($V$2:$V$300,V82,$H$2:$H$300,H82,$B$2:$B$300,">"&B82)=0,"Y","N")) | I82: =IFERROR(VLOOKUP(H82,'DATABASE-DRIFT_LATENT_HP_ERROR'!$A$143:$B$160,2,FALSE()),"")
A83: OBS-011 | B83: 1 | C83: N | F83: =IF(A83="","",IF(B83=1,"Baseline",IF(C83="Y","Reverification","Follow-up"))) -> Baseline | G83: =IF(A83="","",IF(COUNTIFS($V$2:$V$300,V83,$H$2:$H$300,H83,$B$2:$B$300,">"&B83)=0,"Y","N")) -> Y | H83: HW | I83: =IFERROR(VLOOKUP(H83,'DATABASE-DRIFT_LATENT_HP_ERROR'!$A$143:$B$160,2,FALSE()),"") -> Hot Work | J83: A | K83: CLSR03-A | L83: Safe Atmosphere for Hot Work | N83: 1 | P83: Personnel Gas Detector yang dimiliki dan dipergunakan oleh HSSE Officer berfungsi namun tidak dilakukan bump test setiap hari sebelum penggunaan | Q83: Flammable atmosphere / ignition | R83: Atmospheric Verification | S83: 46178 | T83: =IF(S83="","",YEAR(S83)) -> 2026 | U83: =IF(S83="","","TW "&CHOOSE(ROUNDUP(MONTH(S83)/3,0),"I","II","III","IV")) -> TW II | V83: 11 | W83: MOS MENGGUNG | X83: Tank T-006 | Y83: Hot work repair bottom floor inside Tank T-006 | Z83: PT. EJJV | AA83: Andy Kurniawan | AB83: Yoyok / Fahlevy | AC83: Budi Handoyo | AD83: Rudy Setianto | AE83: Ahmad K / Fahlevy | AF83: Adi
A84: OBS-011 | B84: 1 | C84: N | F84: =IF(A84="","",IF(B84=1,"Baseline",IF(C84="Y","Reverification","Follow-up"))) -> Baseline | G84: =IF(A84="","",IF(COUNTIFS($V$2:$V$300,V84,$H$2:$H$300,H84,$B$2:$B$300,">"&B84)=0,"Y","N")) -> Y | H84: HW | I84: =IFERROR(VLOOKUP(H84,'DATABASE-DRIFT_LATENT_HP_ERROR'!$A$143:$B$160,2,FALSE()),"") -> Hot Work | J84: B | K84: CLSR03-B | L84: LEL Shutdown Limit | M84: 1 | Q84: Fire / explosion | R84: LEL Stop-Work Limit | S84: 46178 | T84: =IF(S84="","",YEAR(S84)) -> 2026 | U84: =IF(S84="","","TW "&CHOOSE(ROUNDUP(MONTH(S84)/3,0),"I","II","III","IV")) -> TW II | V84: 11 | W84: MOS MENGGUNG | X84: Tank T-006 | Y84: Hot work repair bottom floor inside Tank T-006 | Z84: PT. EJJV | AA84: Andy Kurniawan | AB84: Yoyok / Fahlevy | AC84: Budi Handoyo | AD84: Rudy Setianto | AE84: Ahmad K / Fahlevy | AF84: Adi
A85: OBS-011 | B85: 1 | C85: N | F85: =IF(A85="","",IF(B85=1,"Baseline",IF(C85="Y","Reverification","Follow-up"))) -> Baseline | G85: =IF(A85="","",IF(COUNTIFS($V$2:$V$300,V85,$H$2:$H$300,H85,$B$2:$B$300,">"&B85)=0,"Y","N")) -> Y | H85: HW | I85: =IFERROR(VLOOKUP(H85,'DATABASE-DRIFT_LATENT_HP_ERROR'!$A$143:$B$160,2,FALSE()),"") -> Hot Work | J85: C | K85: CLSR03-C | L85: Mandatory Stop-Work Conditions | N85: 1 | P85: Peran Ganda dari HSSE Officer sebagai Fire Watch juga sebagai Entry Watcher dari pekerjaan Hotwork dan Confined Space | Q85: Fire / explosion | R85: Stop Work Conditions | S85: 46178 | T85: =IF(S85="","",YEAR(S85)) -> 2026 | U85: =IF(S85="","","TW "&CHOOSE(ROUNDUP(MONTH(S85)/3,0),"I","II","III","IV")) -> TW II | V85: 11 | W85: MOS MENGGUNG | X85: Tank T-006 | Y85: Hot work repair bottom floor inside Tank T-006 | Z85: PT. EJJV | AA85: Andy Kurniawan | AB85: Yoyok / Fahlevy | AC85: Budi Handoyo | AD85: Rudy Setianto | AE85: Ahmad K / Fahlevy | AF85: Adi
A86: OBS-011 | B86: 1 | C86: N | F86: =IF(A86="","",IF(B86=1,"Baseline",IF(C86="Y","Reverification","Follow-up"))) -> Baseline | G86: =IF(A86="","",IF(COUNTIFS($V$2:$V$300,V86,$H$2:$H$300,H86,$B$2:$B$300,">"&B86)=0,"Y","N")) -> Y | H86: HW | I86: =IFERROR(VLOOKUP(H86,'DATABASE-DRIFT_LATENT_HP_ERROR'!$A$143:$B$160,2,FALSE()),"") -> Hot Work | J86: D | K86: CLSR03-D | L86: Initial Gas Testing | M86: 1 | P86: Pengukuran dilakukan setiap jam dan ditulis di monitoring white board. | Q86: Flammable atmosphere / ignition | R86: Initial Gas Testing | S86: 46178 | T86: =IF(S86="","",YEAR(S86)) -> 2026 | U86: =IF(S86="","","TW "&CHOOSE(ROUNDUP(MONTH(S86)/3,0),"I","II","III","IV")) -> TW II | V86: 11 | W86: MOS MENGGUNG | X86: Tank T-006 | Y86: Hot work repair bottom floor inside Tank T-006 | Z86: PT. EJJV | AA86: Andy Kurniawan | AB86: Yoyok / Fahlevy | AC86: Budi Handoyo | AD86: Rudy Setianto | AE86: Ahmad K / Fahlevy | AF86: Adi
A87: OBS-011 | B87: 1 | C87: N | F87: =IF(A87="","",IF(B87=1,"Baseline",IF(C87="Y","Reverification","Follow-up"))) -> Baseline | G87: =IF(A87="","",IF(COUNTIFS($V$2:$V$300,V87,$H$2:$H$300,H87,$B$2:$B$300,">"&B87)=0,"Y","N")) -> Y | H87: HW | I87: =IFERROR(VLOOKUP(H87,'DATABASE-DRIFT_LATENT_HP_ERROR'!$A$143:$B$160,2,FALSE()),"") -> Hot Work | J87: E | K87: CLSR03-E | L87: Open Drain Ignition Protection | M87: 1 | Q87: Fire / explosion | R87: Drain Ignition Protection | S87: 46178 | T87: =IF(S87="","",YEAR(S87)) -> 2026 | U87: =IF(S87="","","TW "&CHOOSE(ROUNDUP(MONTH(S87)/3,0),"I","II","III","IV")) -> TW II | V87: 11 | W87: MOS MENGGUNG | X87: Tank T-006 | Y87: Hot work repair bottom floor inside Tank T-006 | Z87: PT. EJJV | AA87: Andy Kurniawan | AB87: Yoyok / Fahlevy | AC87: Budi Handoyo | AD87: Rudy Setianto | AE87: Ahmad K / Fahlevy | AF87: Adi
A88: OBS-011 | B88: 1 | C88: N | F88: =IF(A88="","",IF(B88=1,"Baseline",IF(C88="Y","Reverification","Follow-up"))) -> Baseline | G88: =IF(A88="","",IF(COUNTIFS($V$2:$V$300,V88,$H$2:$H$300,H88,$B$2:$B$300,">"&B88)=0,"Y","N")) -> Y | H88: HW | I88: =IFERROR(VLOOKUP(H88,'DATABASE-DRIFT_LATENT_HP_ERROR'!$A$143:$B$160,2,FALSE()),"") -> Hot Work | J88: F | K88: CLSR03-F | L88: Atmospheric & Ignition Source Control | N88: 1 | P88: Penggunaan 8 Welding Generator Miller Big Blue 600 yang ditempatkan di zona berpotensi tinggi terjadi awan gas hydrocarbon tanpa dilengkapi spark arrestor. | Q88: Fire / explosion | R88: Ignition Source Control | S88: 46178 | T88: =IF(S88="","",YEAR(S88)) -> 2026 | U88: =IF(S88="","","TW "&CHOOSE(ROUNDUP(MONTH(S88)/3,0),"I","II","III","IV")) -> TW II | V88: 11 | W88: MOS MENGGUNG | X88: Tank T-006 | Y88: Hot work repair bottom floor inside Tank T-006 | Z88: PT. EJJV | AA88: Andy Kurniawan | AB88: Yoyok / Fahlevy | AC88: Budi Handoyo | AD88: Rudy Setianto | AE88: Ahmad K / Fahlevy | AF88: Adi
A89: OBS-011 | B89: 1 | C89: N | F89: =IF(A89="","",IF(B89=1,"Baseline",IF(C89="Y","Reverification","Follow-up"))) -> Baseline | G89: =IF(A89="","",IF(COUNTIFS($V$2:$V$300,V89,$H$2:$H$300,H89,$B$2:$B$300,">"&B89)=0,"Y","N")) -> Y | H89: HW | I89: =IFERROR(VLOOKUP(H89,'DATABASE-DRIFT_LATENT_HP_ERROR'!$A$143:$B$160,2,FALSE()),"") -> Hot Work | J89: G | K89: CLSR03-G | L89: Continuous Monitoring | N89: 1 | Q89: Flammable atmosphere / ignition | R89: Continuous Gas Monitoring | S89: 46178 | T89: =IF(S89="","",YEAR(S89)) -> 2026 | U89: =IF(S89="","","TW "&CHOOSE(ROUNDUP(MONTH(S89)/3,0),"I","II","III","IV")) -> TW II | V89: 11 | W89: MOS MENGGUNG | X89: Tank T-006 | Y89: Hot work repair bottom floor inside Tank T-006 | Z89: PT. EJJV | AA89: Andy Kurniawan | AB89: Yoyok / Fahlevy | AC89: Budi Handoyo | AD89: Rudy Setianto | AE89: Ahmad K / Fahlevy | AF89: Adi
A90: OBS-012 | B90: 1 | C90: N | F90: =IF(A90="","",IF(B90=1,"Baseline",IF(C90="Y","Reverification","Follow-up"))) -> Baseline | G90: =IF(A90="","",IF(COUNTIFS($V$2:$V$300,V90,$H$2:$H$300,H90,$B$2:$B$300,">"&B90)=0,"Y","N")) -> Y | H90: WAH | I90: =IFERROR(VLOOKUP(H90,'DATABASE-DRIFT_LATENT_HP_ERROR'!$A$143:$B$160,2,FALSE()),"") -> Work at Height | J90: A | K90: CLSR07-A | L90: Pemahaman fall restraint vs fall arrest | N90: 1 | Q90: Fall from height | R90: Fall Protection | S90: 46209 | T90: =IF(S90="","",YEAR(S90)) -> 2026 | U90: =IF(S90="","","TW "&CHOOSE(ROUNDUP(MONTH(S90)/3,0),"I","II","III","IV")) -> TW III | V90: 12 | W90: JTB GPF | X90: Unit 241 - H2S Removal / Flare Line Pipe Rack | Y90: Install & dismantle scaffolding for NDT UT flare header 475-LF & 470-HF 32" at ~10 m | Z90: PT Tripatra | AA90: Iman Sudirman | AB90: Yoseph Gunawan | AC90: Andy Kurniawan | AD90: Punjung | AE90: Adi Wibisono | AF90: M Aguk Nurkholiq
A91: OBS-012 | B91: 1 | C91: N | F91: =IF(A91="","",IF(B91=1,"Baseline",IF(C91="Y","Reverification","Follow-up"))) -> Baseline | G91: =IF(A91="","",IF(COUNTIFS($V$2:$V$300,V91,$H$2:$H$300,H91,$B$2:$B$300,">"&B91)=0,"Y","N")) -> Y | H91: WAH | I91: =IFERROR(VLOOKUP(H91,'DATABASE-DRIFT_LATENT_HP_ERROR'!$A$143:$B$160,2,FALSE()),"") -> Work at Height | J91: B | K91: CLSR07-B | L91: Pemahaman restraint vs arrest lanyard | N91: 1 | P91: Pekerja belum memahami hierarki mitigasi bahaya bekerja di ketinggian. Tidak semua pekerja dapat menjelaskan perbedaan Fall Restraint dan Fall Arrest | Q91: Fall from height | R91: Correct Equipment | S91: 46209 | T91: =IF(S91="","",YEAR(S91)) -> 2026 | U91: =IF(S91="","","TW "&CHOOSE(ROUNDUP(MONTH(S91)/3,0),"I","II","III","IV")) -> TW III | V91: 12 | W91: JTB GPF | X91: Unit 241 - H2S Removal / Flare Line Pipe Rack | Y91: Install & dismantle scaffolding for NDT UT flare header 475-LF & 470-HF 32" at ~10 m | Z91: PT Tripatra | AA91: Iman Sudirman | AB91: Yoseph Gunawan | AC91: Andy Kurniawan | AD91: Punjung | AE91: Adi Wibisono | AF91: M Aguk Nurkholiq
A92: OBS-012 | B92: 1 | C92: N | F92: =IF(A92="","",IF(B92=1,"Baseline",IF(C92="Y","Reverification","Follow-up"))) -> Baseline | G92: =IF(A92="","",IF(COUNTIFS($V$2:$V$300,V92,$H$2:$H$300,H92,$B$2:$B$300,">"&B92)=0,"Y","N")) -> Y | H92: WAH | I92: =IFERROR(VLOOKUP(H92,'DATABASE-DRIFT_LATENT_HP_ERROR'!$A$143:$B$160,2,FALSE()),"") -> Work at Height | J92: C | K92: CLSR07-C | L92: Free fall distance calculation | N92: 1 | Q92: Fatality | R92: Engineering Safeguard | S92: 46209 | T92: =IF(S92="","",YEAR(S92)) -> 2026 | U92: =IF(S92="","","TW "&CHOOSE(ROUNDUP(MONTH(S92)/3,0),"I","II","III","IV")) -> TW III | V92: 12 | W92: JTB GPF | X92: Unit 241 - H2S Removal / Flare Line Pipe Rack | Y92: Install & dismantle scaffolding for NDT UT flare header 475-LF & 470-HF 32" at ~10 m | Z92: PT Tripatra | AA92: Iman Sudirman | AB92: Yoseph Gunawan | AC92: Andy Kurniawan | AD92: Punjung | AE92: Adi Wibisono | AF92: M Aguk Nurkholiq
A93: OBS-012 | B93: 1 | C93: N | F93: =IF(A93="","",IF(B93=1,"Baseline",IF(C93="Y","Reverification","Follow-up"))) -> Baseline | G93: =IF(A93="","",IF(COUNTIFS($V$2:$V$300,V93,$H$2:$H$300,H93,$B$2:$B$300,">"&B93)=0,"Y","N")) -> Y | H93: WAH | I93: =IFERROR(VLOOKUP(H93,'DATABASE-DRIFT_LATENT_HP_ERROR'!$A$143:$B$160,2,FALSE()),"") -> Work at Height | J93: D | K93: CLSR07-D | L93: Anchorage point verification | M93: 1 | P93: Anchorage Point dipasang pada point yang tidak mengacu pada best practice, tidak ada calculation support untuk memastikan mampu menahan gaya sebesar 5000 lbs. | Q93: Fall Protection | R93: Anchorage Integrity | S93: 46209 | T93: =IF(S93="","",YEAR(S93)) -> 2026 | U93: =IF(S93="","","TW "&CHOOSE(ROUNDUP(MONTH(S93)/3,0),"I","II","III","IV")) -> TW III | V93: 12 | W93: JTB GPF | X93: Unit 241 - H2S Removal / Flare Line Pipe Rack | Y93: Install & dismantle scaffolding for NDT UT flare header 475-LF & 470-HF 32" at ~10 m | Z93: PT Tripatra | AA93: Iman Sudirman | AB93: Yoseph Gunawan | AC93: Andy Kurniawan | AD93: Punjung | AE93: Adi Wibisono | AF93: M Aguk Nurkholiq
A94: OBS-012 | B94: 1 | C94: N | F94: =IF(A94="","",IF(B94=1,"Baseline",IF(C94="Y","Reverification","Follow-up"))) -> Baseline | G94: =IF(A94="","",IF(COUNTIFS($V$2:$V$300,V94,$H$2:$H$300,H94,$B$2:$B$300,">"&B94)=0,"Y","N")) -> Y | H94: WAH | I94: =IFERROR(VLOOKUP(H94,'DATABASE-DRIFT_LATENT_HP_ERROR'!$A$143:$B$160,2,FALSE()),"") -> Work at Height | J94: E | K94: CLSR07-E | L94: 100% tie off | N94: 1 | Q94: Fall Protection | R94: Continuous Connection | S94: 46209 | T94: =IF(S94="","",YEAR(S94)) -> 2026 | U94: =IF(S94="","","TW "&CHOOSE(ROUNDUP(MONTH(S94)/3,0),"I","II","III","IV")) -> TW III | V94: 12 | W94: JTB GPF | X94: Unit 241 - H2S Removal / Flare Line Pipe Rack | Y94: Install & dismantle scaffolding for NDT UT flare header 475-LF & 470-HF 32" at ~10 m | Z94: PT Tripatra | AA94: Iman Sudirman | AB94: Yoseph Gunawan | AC94: Andy Kurniawan | AD94: Punjung | AE94: Adi Wibisono | AF94: M Aguk Nurkholiq
A95: OBS-012 | B95: 1 | C95: N | F95: =IF(A95="","",IF(B95=1,"Baseline",IF(C95="Y","Reverification","Follow-up"))) -> Baseline | G95: =IF(A95="","",IF(COUNTIFS($V$2:$V$300,V95,$H$2:$H$300,H95,$B$2:$B$300,">"&B95)=0,"Y","N")) -> Y | H95: WAH | I95: =IFERROR(VLOOKUP(H95,'DATABASE-DRIFT_LATENT_HP_ERROR'!$A$143:$B$160,2,FALSE()),"") -> Work at Height | J95: F | K95: CLSR07-F | L95: Swing fall prevention | M95: 1 | Q95: Secondary impact | R95: Safe Anchorage | S95: 46209 | T95: =IF(S95="","",YEAR(S95)) -> 2026 | U95: =IF(S95="","","TW "&CHOOSE(ROUNDUP(MONTH(S95)/3,0),"I","II","III","IV")) -> TW III | V95: 12 | W95: JTB GPF | X95: Unit 241 - H2S Removal / Flare Line Pipe Rack | Y95: Install & dismantle scaffolding for NDT UT flare header 475-LF & 470-HF 32" at ~10 m | Z95: PT Tripatra | AA95: Iman Sudirman | AB95: Yoseph Gunawan | AC95: Andy Kurniawan | AD95: Punjung | AE95: Adi Wibisono | AF95: M Aguk Nurkholiq
A96: OBS-012 | B96: 1 | C96: N | F96: =IF(A96="","",IF(B96=1,"Baseline",IF(C96="Y","Reverification","Follow-up"))) -> Baseline | G96: =IF(A96="","",IF(COUNTIFS($V$2:$V$300,V96,$H$2:$H$300,H96,$B$2:$B$300,">"&B96)=0,"Y","N")) -> Y | H96: WAH | I96: =IFERROR(VLOOKUP(H96,'DATABASE-DRIFT_LATENT_HP_ERROR'!$A$143:$B$160,2,FALSE()),"") -> Work at Height | J96: G | K96: CLSR07-G | L96: Inspection equipment | M96: 1 | Q96: Equipment Integrity | R96: Equipment Inspection | S96: 46209 | T96: =IF(S96="","",YEAR(S96)) -> 2026 | U96: =IF(S96="","","TW "&CHOOSE(ROUNDUP(MONTH(S96)/3,0),"I","II","III","IV")) -> TW III | V96: 12 | W96: JTB GPF | X96: Unit 241 - H2S Removal / Flare Line Pipe Rack | Y96: Install & dismantle scaffolding for NDT UT flare header 475-LF & 470-HF 32" at ~10 m | Z96: PT Tripatra | AA96: Iman Sudirman | AB96: Yoseph Gunawan | AC96: Andy Kurniawan | AD96: Punjung | AE96: Adi Wibisono | AF96: M Aguk Nurkholiq
A97: OBS-012 | B97: 1 | C97: N | F97: =IF(A97="","",IF(B97=1,"Baseline",IF(C97="Y","Reverification","Follow-up"))) -> Baseline | G97: =IF(A97="","",IF(COUNTIFS($V$2:$V$300,V97,$H$2:$H$300,H97,$B$2:$B$300,">"&B97)=0,"Y","N")) -> Y | H97: WAH | I97: =IFERROR(VLOOKUP(H97,'DATABASE-DRIFT_LATENT_HP_ERROR'!$A$143:$B$160,2,FALSE()),"") -> Work at Height | J97: H | K97: CLSR07-H | L97: Correct harness use | N97: 1 | Q97: Fall Protection | R97: Proper Harness Use | S97: 46209 | T97: =IF(S97="","",YEAR(S97)) -> 2026 | U97: =IF(S97="","","TW "&CHOOSE(ROUNDUP(MONTH(S97)/3,0),"I","II","III","IV")) -> TW III | V97: 12 | W97: JTB GPF | X97: Unit 241 - H2S Removal / Flare Line Pipe Rack | Y97: Install & dismantle scaffolding for NDT UT flare header 475-LF & 470-HF 32" at ~10 m | Z97: PT Tripatra | AA97: Iman Sudirman | AB97: Yoseph Gunawan | AC97: Andy Kurniawan | AD97: Punjung | AE97: Adi Wibisono | AF97: M Aguk Nurkholiq
A98: OBS-012 | B98: 1 | C98: N | F98: =IF(A98="","",IF(B98=1,"Baseline",IF(C98="Y","Reverification","Follow-up"))) -> Baseline | G98: =IF(A98="","",IF(COUNTIFS($V$2:$V$300,V98,$H$2:$H$300,H98,$B$2:$B$300,">"&B98)=0,"Y","N")) -> Y | H98: WAH | I98: =IFERROR(VLOOKUP(H98,'DATABASE-DRIFT_LATENT_HP_ERROR'!$A$143:$B$160,2,FALSE()),"") -> Work at Height | J98: I | K98: CLSR07-I | L98: Rescue plan | N98: 1 | P98: Rescue Plan dengan mengandalkan trained responder standby di Fire Station. Pekerja tidak memahami bahaya suspension trauma dan tidak dilengkapi dengan alat pelindung dari risiko Suspension Trauma (misal SuspensionTrauma Strap) | Q98: Fatality | R98: Rescue Preparedness | S98: 46209 | T98: =IF(S98="","",YEAR(S98)) -> 2026 | U98: =IF(S98="","","TW "&CHOOSE(ROUNDUP(MONTH(S98)/3,0),"I","II","III","IV")) -> TW III | V98: 12 | W98: JTB GPF | X98: Unit 241 - H2S Removal / Flare Line Pipe Rack | Y98: Install & dismantle scaffolding for NDT UT flare header 475-LF & 470-HF 32" at ~10 m | Z98: PT Tripatra | AA98: Iman Sudirman | AB98: Yoseph Gunawan | AC98: Andy Kurniawan | AD98: Punjung | AE98: Adi Wibisono | AF98: M Aguk Nurkholiq
A99: OBS-013 | B99: 1 | C99: N | F99: =IF(A99="","",IF(B99=1,"Baseline",IF(C99="Y","Reverification","Follow-up"))) -> Baseline | G99: =IF(A99="","",IF(COUNTIFS($V$2:$V$300,V99,$H$2:$H$300,H99,$B$2:$B$300,">"&B99)=0,"Y","N")) -> Y | H99: GD | I99: =IFERROR(VLOOKUP(H99,'DATABASE-DRIFT_LATENT_HP_ERROR'!$A$143:$B$160,2,FALSE()),"") -> Ground Disturbance or Excavation | J99: A | K99: CLSR08-A | L99: Underground Utility Hazard Identification | N99: 1 | P99: JSA Penggalian perlu perbaikan dalam hal kejelasan dari identifikasi bahayanya terhadap aktifitas yang telah disebutkan seperti 1. Perpindahan Dumptruk---belum menyebutkan bahaya tertabrak atau terlindas 2. Dumping--belum menyebutkan bahaya tertimbun atau terbentur.JSA yang tersedia masih belum sepenuhnya saling keterkaitan dengan RP3K dan SWC nya, seperti P3K gigitan binatang berbisa sudah tersedia namun di JSA terkait Biological Hazard belum disebutkan., sedangkan di SWC sudah dicentang.Belum adanya penyediaan Portable Eyewash sebagai alat RP3K dari bahaya kelilipan debu pasir atau debu bahan kimia (semen), fasilitas terdekat berjarak 80m dengan jalan memutar, dan sebaiknya disediakan dilokasi pekerjaan tersebut.Petugas HSSE Metrindo atau PA sebaiknya memiliki kompetensi pelatihan P3K sesuai paparan resiko dilokasi kerja, termasuk P3K untuk kemungkinan tersengat dari kejadian kebocoran arus Listrik. | Q99: Underground Utility Strike | R99: Utility Identification | S99: 46211 | T99: =IF(S99="","",YEAR(S99)) -> 2026 | U99: =IF(S99="","","TW "&CHOOSE(ROUNDUP(MONTH(S99)/3,0),"I","II","III","IV")) -> TW III | V99: 12 | W99: JTB Gas Plant | X99: Warehouse Atas JTB Gas Plant | Y99: Pembuatan Jalan Beton / Rigid Pavement & Power Cable & Pipe Crossing | Z99: PT. Metrindo | AA99: Andy Kurniawan | AB99: Tinoto | AD99: Punjung | AE99: Abraham | AF99: Purwanto
A100: OBS-013 | B100: 1 | C100: N | F100: =IF(A100="","",IF(B100=1,"Baseline",IF(C100="Y","Reverification","Follow-up"))) -> Baseline | G100: =IF(A100="","",IF(COUNTIFS($V$2:$V$300,V100,$H$2:$H$300,H100,$B$2:$B$300,">"&B100)=0,"Y","N")) -> Y | H100: GD | I100: =IFERROR(VLOOKUP(H100,'DATABASE-DRIFT_LATENT_HP_ERROR'!$A$143:$B$160,2,FALSE()),"") -> Ground Disturbance or Excavation | J100: B | K100: CLSR08-B | L100: Personnel Safety around Excavation Equipment | M100: 1 | P100: Spotter menggunakan rompi hijau menginformasikan berposisi di luar radius swing dan mengkomunikasikan bahaya dari pergerakan excavator terhadap lingkungan dengan Peluit dan Bendera.Beberapa baricade dan palang penanda adanya pekerjaan galian perlu dipasang dan dirapikan kembali, dan papan peringatan ditempatkan di posisi yang bersinggungan dengan jalan atau lalu lintas orang/kendaraan lain. | Q100: Line of Fire | R100: Equipment Separation | S100: 46211 | T100: =IF(S100="","",YEAR(S100)) -> 2026 | U100: =IF(S100="","","TW "&CHOOSE(ROUNDUP(MONTH(S100)/3,0),"I","II","III","IV")) -> TW III | V100: 12 | W100: JTB Gas Plant | X100: Warehouse Atas JTB Gas Plant | Y100: Pembuatan Jalan Beton / Rigid Pavement & Power Cable & Pipe Crossing | Z100: PT. Metrindo | AA100: Andy Kurniawan | AB100: Tinoto | AD100: Punjung | AE100: Abraham | AF100: Purwanto
...

Sheet INPUT-Error_Traps
A1: Obs_ID | B1: Protocols | C1: Protocols | D1: Error Trap Catergories | E1: Error Trap | F1: Comments
A2: OBS-001 | B2: WAH | C2: =IFERROR(VLOOKUP(B2,'DATABASE-DRIFT_LATENT_HP_ERROR'!$A$143:$B$160,2,FALSE()),"") -> Work at Height | D2: Individual_Factor | E2: Complacency | F2: Pekerja terlalu familiar terhadap aktivitas scaffolding sehingga questioning attitude terhadap bahaya fall hazard menurun.
A3: OBS-001 | B3: WAH | C3: =IFERROR(VLOOKUP(B3,'DATABASE-DRIFT_LATENT_HP_ERROR'!$A$143:$B$160,2,FALSE()),"") -> Work at Height | D3: Organizational_Factor | E3: Inadequate Training | F3: Personel belum memahami hierarchy of control WAH, fall restraint vs fall arrest, serta bahaya suspension trauma.
A4: OBS-001 | B4: WAH | C4: =IFERROR(VLOOKUP(B4,'DATABASE-DRIFT_LATENT_HP_ERROR'!$A$143:$B$160,2,FALSE()),"") -> Work at Height | D4: Task_Demands | E4: Vague Written Guidance | F4: Prosedur dan PTW belum menjelaskan anchorage point, free fall distance, swing fall hazard, dan rescue requirement secara detail.
A5: OBS-001 | B5: WAH | C5: =IFERROR(VLOOKUP(B5,'DATABASE-DRIFT_LATENT_HP_ERROR'!$A$143:$B$160,2,FALSE()),"") -> Work at Height | D5: Work_Environment | E5: Limited Tool Availability | F5: Rescue equipment dan perangkat pendukung suspension trauma rescue belum tersedia secara memadai di lokasi kerja.
A6: OBS-002 | B6: IHE | C6: =IFERROR(VLOOKUP(B6,'DATABASE-DRIFT_LATENT_HP_ERROR'!$A$143:$B$160,2,FALSE()),"") -> Powered System / Isolation of Hazardous Energy | D6: Individual_Factor | E6: Complacency | F6: Personel menganggap pengamanan isolasi oleh IA sudah cukup sehingga individual LOTO tidak diterapkan oleh seluruh pekerja terekspos.
A7: OBS-002 | B7: IHE | C7: =IFERROR(VLOOKUP(B7,'DATABASE-DRIFT_LATENT_HP_ERROR'!$A$143:$B$160,2,FALSE()),"") -> Powered System / Isolation of Hazardous Energy | D7: Organizational_Factor | E7: Inadequate Training | F7: Pemahaman terkait filosofi “one man one lock one key” dan individual accountability terhadap hazardous energy masih lemah.
A8: OBS-002 | B8: IHE | C8: =IFERROR(VLOOKUP(B8,'DATABASE-DRIFT_LATENT_HP_ERROR'!$A$143:$B$160,2,FALSE()),"") -> Powered System / Isolation of Hazardous Energy | D8: Task_Demands | E8: Vague Written Guidance | F8: Implementasi group lock box dan individual LOTO belum dijelaskan secara kuat dan konsisten dalam praktik lapangan.
A9: OBS-002 | B9: IHE | C9: =IFERROR(VLOOKUP(B9,'DATABASE-DRIFT_LATENT_HP_ERROR'!$A$143:$B$160,2,FALSE()),"") -> Powered System / Isolation of Hazardous Energy | D9: Work_Environment | E9: Limited Tool Availability | F9: Ketersediaan dan distribusi equipment LOTO kepada seluruh pekerja belum optimal.
A10: OBS-003 | B10: IHE | C10: =IFERROR(VLOOKUP(B10,'DATABASE-DRIFT_LATENT_HP_ERROR'!$A$143:$B$160,2,FALSE()),"") -> Powered System / Isolation of Hazardous Energy | D10: Individual_Factor | E10: Complacency | F10: Personel mulai terbiasa menggunakan pengendalian administratif tanpa personal lock sebagai barrier individual protection.
A11: OBS-003 | B11: IHE | C11: =IFERROR(VLOOKUP(B11,'DATABASE-DRIFT_LATENT_HP_ERROR'!$A$143:$B$160,2,FALSE()),"") -> Powered System / Isolation of Hazardous Energy | D11: Organizational_Factor | E11: Inadequate Training | F11: Komunikasi mengenai mandatory individual LOTO belum dipahami konsisten oleh seluruh personel yang terekspos hazardous energy.
A12: OBS-003 | B12: IHE | C12: =IFERROR(VLOOKUP(B12,'DATABASE-DRIFT_LATENT_HP_ERROR'!$A$143:$B$160,2,FALSE()),"") -> Powered System / Isolation of Hazardous Energy | D12: Task_Demands | E12: Inadequate Job Design | F12: Penggunaan chain lock pada valve isolation dilakukan tanpa guidance engineering yang detail terkait efektivitas positive isolation.
A13: OBS-003 | B13: IHE | C13: =IFERROR(VLOOKUP(B13,'DATABASE-DRIFT_LATENT_HP_ERROR'!$A$143:$B$160,2,FALSE()),"") -> Powered System / Isolation of Hazardous Energy | D13: Work_Environment | E13: Limited Tool Availability | F13: Handwheel valve lockout cover atau universal cable valve lockout yang lebih sesuai belum tersedia memadai.
... A57: OBS-023 | B57: IHE | C57: =IFERROR(VLOOKUP(B57,'DATABASE-DRIFT_LATENT_HP_ERROR'!$A$143:$B$160,2,FALSE()),"") -> Powered System / Isolation of Hazardous Energy | D57: Individual Factor | E57: Complacency | F57: Checked in source observation document OBS-023.

Sheet INPUT-HP_Tools
A1: Obs_ID | B1: Protocols | C1: Protocols | D1: HP_tool | E1: Tujuan | F1: Kapan digunakan | G1: Cara pakai / implementasi | H1: Effectiveness_Notes
A2: OBS-001 | B2: WAH | C2: =IFERROR(VLOOKUP(B2,'DATABASE-DRIFT_LATENT_HP_ERROR'!$A$143:$B$160,2,FALSE()),"") -> Work at Height | D2: Stop and Get Help | E2: Menghentikan pekerjaan saat terdapat ketidakpastian terhadap critical safeguard WAH | F2: Saat pekerja tidak memahami fall restraint vs fall arrest, suspension trauma hazard, dan rescue preparedness | G2: Hentikan pekerjaan dan lakukan coaching/verifikasi dengan personel kompeten sebelum pekerjaan dilanjutkan | H2: SWA digunakan untuk coaching terhadap critical safeguard WAH, namun gap kompetensi dan engineering understanding masih ditemukan
A3: OBS-001 | B3: WAH | C3: =IFERROR(VLOOKUP(B3,'DATABASE-DRIFT_LATENT_HP_ERROR'!$A$143:$B$160,2,FALSE()),"") -> Work at Height | D3: Pre-task brief | E3: Memastikan pekerja memahami hazard dan safeguard pekerjaan WAH | F3: Sebelum pekerjaan dismantling scaffolding dimulai | G3: Bahas hazard jatuh, dropped object, anchor point, dan rescue preparedness | H3: Briefing lebih dominan administratif dan belum membangun pemahaman engineering consequence secara mendalam
A4: OBS-002 | B4: IHE | C4: =IFERROR(VLOOKUP(B4,'DATABASE-DRIFT_LATENT_HP_ERROR'!$A$143:$B$160,2,FALSE()),"") -> Powered System / Isolation of Hazardous Energy | D4: Stop and Get Help | E4: Menghentikan pekerjaan saat ditemukan gap implementasi individual LOTO | F4: Saat diketahui hanya IA yang memasang LOTO sementara pekerja lain belum protected by personal lock | G4: Hentikan pekerjaan dan lakukan review ulang implementasi individual LOTO sebelum pekerjaan dilanjutkan | H4: Coaching berhasil meningkatkan awareness penggunaan LOTO BOX sebagai additional barrier
A5: OBS-002 | B5: IHE | C5: =IFERROR(VLOOKUP(B5,'DATABASE-DRIFT_LATENT_HP_ERROR'!$A$143:$B$160,2,FALSE()),"") -> Powered System / Isolation of Hazardous Energy | D5: Pre-task brief | E5: Memastikan pekerja memahami hazardous energy exposure | F5: Sebelum pekerjaan overhaul dan alignment pompa dimulai | G5: Bahas isolation point, zero energy verification, dan individual accountability | H5: Briefing belum cukup menekankan fatal risk unexpected energization
A6: OBS-003 | B6: IHE | C6: =IFERROR(VLOOKUP(B6,'DATABASE-DRIFT_LATENT_HP_ERROR'!$A$143:$B$160,2,FALSE()),"") -> Powered System / Isolation of Hazardous Energy | D6: Stop and Get Help | E6: Menghentikan pekerjaan saat ditemukan gap individual LOTO | F6: Saat pekerja belum memasang personal lock pada pekerjaan alignment booster compressor | G6: Pekerjaan dihentikan sementara untuk review implementasi LOTO | H6: Coaching meningkatkan awareness terhadap kebutuhan personal protection barrier
A7: OBS-003 | B7: IHE | C7: =IFERROR(VLOOKUP(B7,'DATABASE-DRIFT_LATENT_HP_ERROR'!$A$143:$B$160,2,FALSE()),"") -> Powered System / Isolation of Hazardous Energy | D7: Pre-task brief | E7: Membangun shared understanding terhadap hazardous energy | F7: Sebelum alignment booster compressor dilakukan | G7: Review ICC, titik isolasi, dan exposure hazardous energy | H7: Briefing belum memastikan implementasi individual accountability
A8: OBS-004 | B8: GD | C8: =IFERROR(VLOOKUP(B8,'DATABASE-DRIFT_LATENT_HP_ERROR'!$A$143:$B$160,2,FALSE()),"") -> Ground Disturbance or Excavation | D8: Stop and Get Help | E8: Menghentikan pekerjaan saat ditemukan utilitas bawah tanah yang tidak teridentifikasi | F8: Saat excavation menemukan kabel bawah tanah pada kedalaman ±0.5 meter | G8: Hentikan excavation dan lakukan reassessment sebelum pekerjaan dilanjutkan | H8: SWA telah digunakan dengan baik sebagai escalation trigger
A9: OBS-004 | B9: GD | C9: =IFERROR(VLOOKUP(B9,'DATABASE-DRIFT_LATENT_HP_ERROR'!$A$143:$B$160,2,FALSE()),"") -> Ground Disturbance or Excavation | D9: Pre-task brief | E9: Memastikan pekerja memahami excavation hazard dan SWA trigger | F9: Sebelum excavation dimulai | G9: Bahas underground utilities, cave-in hazard, dan permit revalidation | H9: Briefing belum cukup membangun awareness escalation hazard
A10: OBS-005 | B10: WAH | C10: =IFERROR(VLOOKUP(B10,'DATABASE-DRIFT_LATENT_HP_ERROR'!$A$143:$B$160,2,FALSE()),"") -> Work at Height | D10: Stop and Get Help | E10: Menghentikan pekerjaan saat rescue readiness dan tie-off belum memadai | F10: Saat rescue plan dan safety standby person belum tersedia | G10: Hentikan pekerjaan untuk verifikasi rescue preparedness dan safeguard | H10: SWA digunakan untuk coaching terhadap suspension trauma hazard dan rescue readiness
A11: OBS-005 | B11: WAH | C11: =IFERROR(VLOOKUP(B11,'DATABASE-DRIFT_LATENT_HP_ERROR'!$A$143:$B$160,2,FALSE()),"") -> Work at Height | D11: Pre-task brief | E11: Membangun pemahaman terhadap critical safeguard pekerjaan WAH | F11: Sebelum erection scaffolding dimulai | G11: Bahas anchor point, free fall distance, swing fall, dan rescue plan | H11: Briefing masih dominan administratif dan belum membahas engineering consequence secara mendalam
A12: OBS-006 | B12: WAH | C12: =IFERROR(VLOOKUP(B12,'DATABASE-DRIFT_LATENT_HP_ERROR'!$A$143:$B$160,2,FALSE()),"") -> Work at Height | D12: Stop and Get Help | E12: Menghentikan pekerjaan saat critical safeguard Work at Height tidak siap | F12: Saat ditemukan gap pada rescue readiness, verification, atau safeguard utama | G12: Hentikan pekerjaan WAH pada scaffolding/heat exchanger, lakukan reassessment, lengkapi safeguard, lalu revalidasi permit/SWC | H12: SWA/stop-work digunakan sebagai trigger coaching dan perbaikan safeguard lapangan
A13: OBS-006 | B13: WAH | C13: =IFERROR(VLOOKUP(B13,'DATABASE-DRIFT_LATENT_HP_ERROR'!$A$143:$B$160,2,FALSE()),"") -> Work at Height | D13: Pre-task brief | E13: Membangun shared understanding terhadap critical safeguard Work at Height | F13: Sebelum pekerjaan high-risk dimulai atau setelah kondisi berubah | G13: Bahas scope, hazard, critical safeguard, emergency/rescue plan, dan stop-work trigger pada WAH pada scaffolding/heat exchanger | H13: Briefing perlu lebih teknikal, bukan hanya administratif
... A40: OBS-023 | B40: IHE | C40: =IFERROR(VLOOKUP(B40,'DATABASE-DRIFT_LATENT_HP_ERROR'!$A$143:$B$160,2,FALSE()),"") -> Powered System / Isolation of Hazardous Energy | D40: Pre-task brief | E40: Membangun shared understanding sebelum pekerjaan dimulai | F40: Sebelum pekerjaan high risk | G40: Diskusikan scope, hazard, critical safeguard, error traps, SWA trigger, rescue plan, dan role tiap personel. | H40: Checked/used in source observation document OBS-023.

Sheet INPUT-Drift_Conditions
A1: Obs_ID | B1: Protocols | C1: Protocols | D1: Situasi Drift | E1: Drift_Level_1 | F1: Drift codes | G1: Drift_Level_2 | H1: Alasan / Penjelasan | I1: Observation_Sequence | J1: Observation_Status | K1: Active_Observation | L1: Improvement_ID
A2: OBS-001 | B2: WAH | C2: =IFERROR(VLOOKUP(B2,'DATABASE-DRIFT_LATENT_HP_ERROR'!$A$143:$B$160,2,FALSE()),"") -> Work at Height | D2: Pelaksanaan pemasangan dan pembongkaran scaffolding di lapangan lebih banyak mengandalkan pengalaman pekerja dibanding prosedur tertulis yang detail dan step-by-step. | E2: Skill-Based Performance Drift | F2: =IFERROR(VLOOKUP(E2,'DATABASE-DRIFT_LATENT_HP_ERROR'!$A$4:$B$13,2,FALSE()),"") -> Drift.3 | G2: Overreliance on experience | H2: =IFERROR(VLOOKUP(G2,'DATABASE-DRIFT_LATENT_HP_ERROR'!$B$16:$D$76,3,FALSE()),"") -> Pekerja lebih mengandalkan pengalaman dibanding prosedur atau engineering review. | I2: =IF($A2="","",IFERROR(INDEX('INPUT-SIF_Questions'!$B$2:$B$300,MATCH($A2,'INPUT-SIF_Questions'!$A$2:$A$300,0)),"")) -> 1 | J2: =IF($A2="","",IFERROR(INDEX('INPUT-SIF_Questions'!$F$2:$F$300,MATCH($A2,'INPUT-SIF_Questions'!$A$2:$A$300,0)),"")) -> Baseline | K2: =IF($A2="","",IFERROR(INDEX('INPUT-SIF_Questions'!$G$2:$G$300,MATCH($A2,'INPUT-SIF_Questions'!$A$2:$A$300,0)),"")) -> Y | L2: =IF($A2="","",IFERROR(INDEX('INPUT-SIF_Questions'!$E$2:$E$300,MATCH($A2,'INPUT-SIF_Questions'!$A$2:$A$300,0)),"")) -> 0
A3: OBS-001 | B3: WAH | C3: =IFERROR(VLOOKUP(B3,'DATABASE-DRIFT_LATENT_HP_ERROR'!$A$143:$B$160,2,FALSE()),"") -> Work at Height | D3: Urutan dismantling scaffolding, metode penurunan material, dan titik anchor belum dijelaskan secara spesifik sehingga terbuka terhadap berbagai interpretasi saat pekerjaan berlangsung. | E3: Procedural Drift | F3: =IFERROR(VLOOKUP(E3,'DATABASE-DRIFT_LATENT_HP_ERROR'!$A$4:$B$13,2,FALSE()),"") -> Drift.1 | G3: Procedure interpreted differently | H3: =IFERROR(VLOOKUP(G3,'DATABASE-DRIFT_LATENT_HP_ERROR'!$B$16:$D$76,3,FALSE()),"") -> Interpretasi prosedur berbeda antar personel atau departemen. | I3: =IF($A3="","",IFERROR(INDEX('INPUT-SIF_Questions'!$B$2:$B$300,MATCH($A3,'INPUT-SIF_Questions'!$A$2:$A$300,0)),"")) -> 1 | J3: =IF($A3="","",IFERROR(INDEX('INPUT-SIF_Questions'!$F$2:$F$300,MATCH($A3,'INPUT-SIF_Questions'!$A$2:$A$300,0)),"")) -> Baseline | K3: =IF($A3="","",IFERROR(INDEX('INPUT-SIF_Questions'!$G$2:$G$300,MATCH($A3,'INPUT-SIF_Questions'!$A$2:$A$300,0)),"")) -> Y | L3: =IF($A3="","",IFERROR(INDEX('INPUT-SIF_Questions'!$E$2:$E$300,MATCH($A3,'INPUT-SIF_Questions'!$A$2:$A$300,0)),"")) -> 0
A4: OBS-001 | B4: WAH | C4: =IFERROR(VLOOKUP(B4,'DATABASE-DRIFT_LATENT_HP_ERROR'!$A$143:$B$160,2,FALSE()),"") -> Work at Height | D4: Metode penurunan material scaffolding seperti standard, ledger, transom, bracing, base plate, sole board, dan coupler belum dijelaskan secara detail di dalam prosedur kerja. | E4: Procedural Drift | F4: =IFERROR(VLOOKUP(E4,'DATABASE-DRIFT_LATENT_HP_ERROR'!$A$4:$B$13,2,FALSE()),"") -> Drift.1 | G4: Procedure simplified | H4: =IFERROR(VLOOKUP(G4,'DATABASE-DRIFT_LATENT_HP_ERROR'!$B$16:$D$76,3,FALSE()),"") -> Procedure not detailed atau Prosedur kerja disederhanakan tanpa evaluasi risiko formal. | I4: =IF($A4="","",IFERROR(INDEX('INPUT-SIF_Questions'!$B$2:$B$300,MATCH($A4,'INPUT-SIF_Questions'!$A$2:$A$300,0)),"")) -> 1 | J4: =IF($A4="","",IFERROR(INDEX('INPUT-SIF_Questions'!$F$2:$F$300,MATCH($A4,'INPUT-SIF_Questions'!$A$2:$A$300,0)),"")) -> Baseline | K4: =IF($A4="","",IFERROR(INDEX('INPUT-SIF_Questions'!$G$2:$G$300,MATCH($A4,'INPUT-SIF_Questions'!$A$2:$A$300,0)),"")) -> Y | L4: =IF($A4="","",IFERROR(INDEX('INPUT-SIF_Questions'!$E$2:$E$300,MATCH($A4,'INPUT-SIF_Questions'!$A$2:$A$300,0)),"")) -> 0
A5: OBS-001 | B5: WAH | C5: =IFERROR(VLOOKUP(B5,'DATABASE-DRIFT_LATENT_HP_ERROR'!$A$143:$B$160,2,FALSE()),"") -> Work at Height | D5: Beberapa pekerja belum secara konsisten mengikat tool seperti kunci ratchet untuk mencegah dropped object hazard. | E5: Barrier Management Drift | F5: =IFERROR(VLOOKUP(E5,'DATABASE-DRIFT_LATENT_HP_ERROR'!$A$4:$B$13,2,FALSE()),"") -> Drift.5 | G5: Barrier verification ineffective | H5: =IFERROR(VLOOKUP(G5,'DATABASE-DRIFT_LATENT_HP_ERROR'!$B$16:$D$76,3,FALSE()),"") -> Proses verifikasi safeguard tidak mampu mendeteksi kelemahan barrier. | I5: =IF($A5="","",IFERROR(INDEX('INPUT-SIF_Questions'!$B$2:$B$300,MATCH($A5,'INPUT-SIF_Questions'!$A$2:$A$300,0)),"")) -> 1 | J5: =IF($A5="","",IFERROR(INDEX('INPUT-SIF_Questions'!$F$2:$F$300,MATCH($A5,'INPUT-SIF_Questions'!$A$2:$A$300,0)),"")) -> Baseline | K5: =IF($A5="","",IFERROR(INDEX('INPUT-SIF_Questions'!$G$2:$G$300,MATCH($A5,'INPUT-SIF_Questions'!$A$2:$A$300,0)),"")) -> Y | L5: =IF($A5="","",IFERROR(INDEX('INPUT-SIF_Questions'!$E$2:$E$300,MATCH($A5,'INPUT-SIF_Questions'!$A$2:$A$300,0)),"")) -> 0
A6: OBS-001 | B6: WAH | C6: =IFERROR(VLOOKUP(B6,'DATABASE-DRIFT_LATENT_HP_ERROR'!$A$143:$B$160,2,FALSE()),"") -> Work at Height | D6: Aktivitas dismantling scaffolding lebih banyak dilakukan dalam skill-based performance mode karena tingginya pengalaman kerja personel sehingga pekerja lebih mengandalkan kebiasaan dan pengalaman dibanding disiplin terhadap prosedur kerja berbasis rule-based performance. | E6: Skill-Based Performance Drift | F6: =IFERROR(VLOOKUP(E6,'DATABASE-DRIFT_LATENT_HP_ERROR'!$A$4:$B$13,2,FALSE()),"") -> Drift.3 | G6: Familiarity-driven shortcut | H6: =IFERROR(VLOOKUP(G6,'DATABASE-DRIFT_LATENT_HP_ERROR'!$B$16:$D$76,3,FALSE()),"") -> Kedekatan/familiaritas terhadap pekerjaan memicu pengurangan safeguard. | I6: =IF($A6="","",IFERROR(INDEX('INPUT-SIF_Questions'!$B$2:$B$300,MATCH($A6,'INPUT-SIF_Questions'!$A$2:$A$300,0)),"")) -> 1 | J6: =IF($A6="","",IFERROR(INDEX('INPUT-SIF_Questions'!$F$2:$F$300,MATCH($A6,'INPUT-SIF_Questions'!$A$2:$A$300,0)),"")) -> Baseline | K6: =IF($A6="","",IFERROR(INDEX('INPUT-SIF_Questions'!$G$2:$G$300,MATCH($A6,'INPUT-SIF_Questions'!$A$2:$A$300,0)),"")) -> Y | L6: =IF($A6="","",IFERROR(INDEX('INPUT-SIF_Questions'!$E$2:$E$300,MATCH($A6,'INPUT-SIF_Questions'!$A$2:$A$300,0)),"")) -> 0
A7: OBS-001 | B7: WAH | C7: =IFERROR(VLOOKUP(B7,'DATABASE-DRIFT_LATENT_HP_ERROR'!$A$143:$B$160,2,FALSE()),"") -> Work at Height | D7: Penggunaan fall arrest system telah menjadi praktik yang dianggap normal tanpa evaluasi memadai terhadap hierarchy of control Work at Height, dimana fall prevention dan fall restraint seharusnya menjadi prioritas utama sebelum penggunaan fall arrest sebagai mitigasi terakhir. | E7: Risk Assessment Drift | F7: =IFERROR(VLOOKUP(E7,'DATABASE-DRIFT_LATENT_HP_ERROR'!$A$4:$B$13,2,FALSE()),"") -> Drift.7 | G7: Hazard underestimated | H7: =IFERROR(VLOOKUP(G7,'DATABASE-DRIFT_LATENT_HP_ERROR'!$B$16:$D$76,3,FALSE()),"") -> Tingkat risiko diremehkan dibanding exposure aktual. | I7: =IF($A7="","",IFERROR(INDEX('INPUT-SIF_Questions'!$B$2:$B$300,MATCH($A7,'INPUT-SIF_Questions'!$A$2:$A$300,0)),"")) -> 1 | J7: =IF($A7="","",IFERROR(INDEX('INPUT-SIF_Questions'!$F$2:$F$300,MATCH($A7,'INPUT-SIF_Questions'!$A$2:$A$300,0)),"")) -> Baseline | K7: =IF($A7="","",IFERROR(INDEX('INPUT-SIF_Questions'!$G$2:$G$300,MATCH($A7,'INPUT-SIF_Questions'!$A$2:$A$300,0)),"")) -> Y | L7: =IF($A7="","",IFERROR(INDEX('INPUT-SIF_Questions'!$E$2:$E$300,MATCH($A7,'INPUT-SIF_Questions'!$A$2:$A$300,0)),"")) -> 0
A8: OBS-001 | B8: WAH | C8: =IFERROR(VLOOKUP(B8,'DATABASE-DRIFT_LATENT_HP_ERROR'!$A$143:$B$160,2,FALSE()),"") -> Work at Height | D8: Free fall distance, swing fall hazard, jalur jatuh, serta potensi benturan terhadap struktur atau benda lain belum secara konsisten diperhitungkan dalam pekerjaan WAH. | E8: Risk Assessment Drift | F8: =IFERROR(VLOOKUP(E8,'DATABASE-DRIFT_LATENT_HP_ERROR'!$A$4:$B$13,2,FALSE()),"") -> Drift.7 | G8: Engineering risk not evaluated | H8: =IFERROR(VLOOKUP(G8,'DATABASE-DRIFT_LATENT_HP_ERROR'!$B$16:$D$76,3,FALSE()),"") -> Risiko engineering tidak dianalisa secara teknikal. | I8: =IF($A8="","",IFERROR(INDEX('INPUT-SIF_Questions'!$B$2:$B$300,MATCH($A8,'INPUT-SIF_Questions'!$A$2:$A$300,0)),"")) -> 1 | J8: =IF($A8="","",IFERROR(INDEX('INPUT-SIF_Questions'!$F$2:$F$300,MATCH($A8,'INPUT-SIF_Questions'!$A$2:$A$300,0)),"")) -> Baseline | K8: =IF($A8="","",IFERROR(INDEX('INPUT-SIF_Questions'!$G$2:$G$300,MATCH($A8,'INPUT-SIF_Questions'!$A$2:$A$300,0)),"")) -> Y | L8: =IF($A8="","",IFERROR(INDEX('INPUT-SIF_Questions'!$E$2:$E$300,MATCH($A8,'INPUT-SIF_Questions'!$A$2:$A$300,0)),"")) -> 0
A9: OBS-001 | B9: WAH | C9: =IFERROR(VLOOKUP(B9,'DATABASE-DRIFT_LATENT_HP_ERROR'!$A$143:$B$160,2,FALSE()),"") -> Work at Height | D9: Penggunaan harness lebih dipandang sebagai compliance penggunaan APD dibanding engineering safeguard terhadap bahaya jatuh. | E9: Administrative Compliance Drift | F9: =IFERROR(VLOOKUP(E9,'DATABASE-DRIFT_LATENT_HP_ERROR'!$A$4:$B$13,2,FALSE()),"") -> Drift.4 | G9: Checklist mentality | H9: =IFERROR(VLOOKUP(G9,'DATABASE-DRIFT_LATENT_HP_ERROR'!$B$16:$D$76,3,FALSE()),"") -> Checklist hanya diparaf sebagai formalitas administratif. | I9: =IF($A9="","",IFERROR(INDEX('INPUT-SIF_Questions'!$B$2:$B$300,MATCH($A9,'INPUT-SIF_Questions'!$A$2:$A$300,0)),"")) -> 1 | J9: =IF($A9="","",IFERROR(INDEX('INPUT-SIF_Questions'!$F$2:$F$300,MATCH($A9,'INPUT-SIF_Questions'!$A$2:$A$300,0)),"")) -> Baseline | K9: =IF($A9="","",IFERROR(INDEX('INPUT-SIF_Questions'!$G$2:$G$300,MATCH($A9,'INPUT-SIF_Questions'!$A$2:$A$300,0)),"")) -> Y | L9: =IF($A9="","",IFERROR(INDEX('INPUT-SIF_Questions'!$E$2:$E$300,MATCH($A9,'INPUT-SIF_Questions'!$A$2:$A$300,0)),"")) -> 0
A10: OBS-001 | B10: WAH | C10: =IFERROR(VLOOKUP(B10,'DATABASE-DRIFT_LATENT_HP_ERROR'!$A$143:$B$160,2,FALSE()),"") -> Work at Height | D10: SWC dan checklist pekerjaan cenderung diperlakukan sebagai formalitas administratif, dengan asumsi bahwa pekerja telah memahami seluruh requirement teknikal secara otomatis tanpa diskusi mendalam mengenai critical safeguards dan engineering consequence pada pekerjaan WAH. | E10: Administrative Compliance Drift | F10: =IFERROR(VLOOKUP(E10,'DATABASE-DRIFT_LATENT_HP_ERROR'!$A$4:$B$13,2,FALSE()),"") -> Drift.4 | G10: SWC treated as formality | H10: =IFERROR(VLOOKUP(G10,'DATABASE-DRIFT_LATENT_HP_ERROR'!$B$16:$D$76,3,FALSE()),"") -> SWC tidak digunakan sebagai critical thinking tool. | I10: =IF($A10="","",IFERROR(INDEX('INPUT-SIF_Questions'!$B$2:$B$300,MATCH($A10,'INPUT-SIF_Questions'!$A$2:$A$300,0)),"")) -> 1 | J10: =IF($A10="","",IFERROR(INDEX('INPUT-SIF_Questions'!$F$2:$F$300,MATCH($A10,'INPUT-SIF_Questions'!$A$2:$A$300,0)),"")) -> Baseline | K10: =IF($A10="","",IFERROR(INDEX('INPUT-SIF_Questions'!$G$2:$G$300,MATCH($A10,'INPUT-SIF_Questions'!$A$2:$A$300,0)),"")) -> Y | L10: =IF($A10="","",IFERROR(INDEX('INPUT-SIF_Questions'!$E$2:$E$300,MATCH($A10,'INPUT-SIF_Questions'!$A$2:$A$300,0)),"")) -> 0
A11: OBS-002 | B11: IHE | C11: =IFERROR(VLOOKUP(B11,'DATABASE-DRIFT_LATENT_HP_ERROR'!$A$143:$B$160,2,FALSE()),"") -> Powered System / Isolation of Hazardous Energy | D11: Pelaksanaan isolasi energi di lapangan masih lebih berfokus pada kontrol administratif melalui form ICC dibanding implementasi physical personal protection barrier menggunakan individual LOTO. | E11: Administrative Compliance Drift | F11: =IFERROR(VLOOKUP(E11,'DATABASE-DRIFT_LATENT_HP_ERROR'!$A$4:$B$13,2,FALSE()),"") -> Drift.4 | G11: Checklist mentality | H11: =IFERROR(VLOOKUP(G11,'DATABASE-DRIFT_LATENT_HP_ERROR'!$B$16:$D$76,3,FALSE()),"") -> Checklist hanya diparaf sebagai formalitas administratif. | I11: =IF($A11="","",IFERROR(INDEX('INPUT-SIF_Questions'!$B$2:$B$300,MATCH($A11,'INPUT-SIF_Questions'!$A$2:$A$300,0)),"")) -> 1 | J11: =IF($A11="","",IFERROR(INDEX('INPUT-SIF_Questions'!$F$2:$F$300,MATCH($A11,'INPUT-SIF_Questions'!$A$2:$A$300,0)),"")) -> Baseline | K11: =IF($A11="","",IFERROR(INDEX('INPUT-SIF_Questions'!$G$2:$G$300,MATCH($A11,'INPUT-SIF_Questions'!$A$2:$A$300,0)),"")) -> Y | L11: =IF($A11="","",IFERROR(INDEX('INPUT-SIF_Questions'!$E$2:$E$300,MATCH($A11,'INPUT-SIF_Questions'!$A$2:$A$300,0)),"")) -> 0
A12: OBS-002 | B12: IHE | C12: =IFERROR(VLOOKUP(B12,'DATABASE-DRIFT_LATENT_HP_ERROR'!$A$143:$B$160,2,FALSE()),"") -> Powered System / Isolation of Hazardous Energy | D12: Pekerja, PA, AA, IA, dan safety officer belum sepenuhnya memahami filosofi “satu pekerja, satu gembok, satu kunci” sebagai bentuk individual accountability terhadap hazardous energy. | E12: Risk Assessment Drift | F12: =IFERROR(VLOOKUP(E12,'DATABASE-DRIFT_LATENT_HP_ERROR'!$A$4:$B$13,2,FALSE()),"") -> Drift.7 | G12: Engineering risk not evaluated | H12: =IFERROR(VLOOKUP(G12,'DATABASE-DRIFT_LATENT_HP_ERROR'!$B$16:$D$76,3,FALSE()),"") -> Risiko engineering tidak dianalisa secara teknikal. | I12: =IF($A12="","",IFERROR(INDEX('INPUT-SIF_Questions'!$B$2:$B$300,MATCH($A12,'INPUT-SIF_Questions'!$A$2:$A$300,0)),"")) -> 1 | J12: =IF($A12="","",IFERROR(INDEX('INPUT-SIF_Questions'!$F$2:$F$300,MATCH($A12,'INPUT-SIF_Questions'!$A$2:$A$300,0)),"")) -> Baseline | K12: =IF($A12="","",IFERROR(INDEX('INPUT-SIF_Questions'!$G$2:$G$300,MATCH($A12,'INPUT-SIF_Questions'!$A$2:$A$300,0)),"")) -> Y | L12: =IF($A12="","",IFERROR(INDEX('INPUT-SIF_Questions'!$E$2:$E$300,MATCH($A12,'INPUT-SIF_Questions'!$A$2:$A$300,0)),"")) -> 0
A13: OBS-002 | B13: IHE | C13: =IFERROR(VLOOKUP(B13,'DATABASE-DRIFT_LATENT_HP_ERROR'!$A$143:$B$160,2,FALSE()),"") -> Powered System / Isolation of Hazardous Energy | D13: Keberadaan form ICC yang hanya ditandatangani oleh IA, AA, dan PA menyebabkan sebagian pekerja berasumsi bahwa individual LOTO tidak wajib diterapkan selama pengendalian administratif telah dilakukan. | E13: Administrative Compliance Drift | F13: =IFERROR(VLOOKUP(E13,'DATABASE-DRIFT_LATENT_HP_ERROR'!$A$4:$B$13,2,FALSE()),"") -> Drift.4 | G13: SWC treated as formality | H13: =IFERROR(VLOOKUP(G13,'DATABASE-DRIFT_LATENT_HP_ERROR'!$B$16:$D$76,3,FALSE()),"") -> SWC tidak digunakan sebagai critical thinking tool. | I13: =IF($A13="","",IFERROR(INDEX('INPUT-SIF_Questions'!$B$2:$B$300,MATCH($A13,'INPUT-SIF_Questions'!$A$2:$A$300,0)),"")) -> 1 | J13: =IF($A13="","",IFERROR(INDEX('INPUT-SIF_Questions'!$F$2:$F$300,MATCH($A13,'INPUT-SIF_Questions'!$A$2:$A$300,0)),"")) -> Baseline | K13: =IF($A13="","",IFERROR(INDEX('INPUT-SIF_Questions'!$G$2:$G$300,MATCH($A13,'INPUT-SIF_Questions'!$A$2:$A$300,0)),"")) -> Y | L13: =IF($A13="","",IFERROR(INDEX('INPUT-SIF_Questions'!$E$2:$E$300,MATCH($A13,'INPUT-SIF_Questions'!$A$2:$A$300,0)),"")) -> 0
... A140: OBS-023 | B140: IHE | C140: =IFERROR(VLOOKUP(B140,'DATABASE-DRIFT_LATENT_HP_ERROR'!$A$143:$B$160,2,FALSE()),"") -> Powered System / Isolation of Hazardous Energy | D140: Individual LOTO Representation Drift — LOTO telah diterapkan menggunakan LOTO Box, namun personal lock hanya dipasang oleh IA dan PA. Pekerja yang melakukan PM direpresentasikan oleh lock PA, sehingga praktik perlindungan individual bergeser dari “each exposed worker applies their own personal lock” menjadi “PA lock represents the work crew.” | E140: Engineering / Operating Drift | F140: =IFERROR(VLOOKUP(E140,'DATABASE-DRIFT_LATENT_HP_ERROR'!$A$4:$B$13,2,FALSE()),"") -> Drift.10 | G140: Equipment operated outside design intent | H140: =IFERROR(VLOOKUP(G140,'DATABASE-DRIFT_LATENT_HP_ERROR'!$B$16:$D$76,3,FALSE()),"") -> Equipment digunakan di luar batas desain normal. | I140: =IF($A140="","",IFERROR(INDEX('INPUT-SIF_Questions'!$B$2:$B$300,MATCH($A140,'INPUT-SIF_Questions'!$A$2:$A$300,0)),"")) -> 1 | J140: =IF($A140="","",IFERROR(INDEX('INPUT-SIF_Questions'!$F$2:$F$300,MATCH($A140,'INPUT-SIF_Questions'!$A$2:$A$300,0)),"")) -> Baseline | K140: =IF($A140="","",IFERROR(INDEX('INPUT-SIF_Questions'!$G$2:$G$300,MATCH($A140,'INPUT-SIF_Questions'!$A$2:$A$300,0)),"")) -> Y | L140: =IF($A140="","",IFERROR(INDEX('INPUT-SIF_Questions'!$E$2:$E$300,MATCH($A140,'INPUT-SIF_Questions'!$A$2:$A$300,0)),"")) -> 0
I141: =IF($A141="","",IFERROR(INDEX('INPUT-SIF_Questions'!$B$2:$B$300,MATCH($A141,'INPUT-SIF_Questions'!$A$2:$A$300,0)),"")) | J141: =IF($A141="","",IFERROR(INDEX('INPUT-SIF_Questions'!$F$2:$F$300,MATCH($A141,'INPUT-SIF_Questions'!$A$2:$A$300,0)),"")) | K141: =IF($A141="","",IFERROR(INDEX('INPUT-SIF_Questions'!$G$2:$G$300,MATCH($A141,'INPUT-SIF_Questions'!$A$2:$A$300,0)),"")) | L141: =IF($A141="","",IFERROR(INDEX('INPUT-SIF_Questions'!$E$2:$E$300,MATCH($A141,'INPUT-SIF_Questions'!$A$2:$A$300,0)),""))
I142: =IF($A142="","",IFERROR(INDEX('INPUT-SIF_Questions'!$B$2:$B$300,MATCH($A142,'INPUT-SIF_Questions'!$A$2:$A$300,0)),"")) | J142: =IF($A142="","",IFERROR(INDEX('INPUT-SIF_Questions'!$F$2:$F$300,MATCH($A142,'INPUT-SIF_Questions'!$A$2:$A$300,0)),"")) | K142: =IF($A142="","",IFERROR(INDEX('INPUT-SIF_Questions'!$G$2:$G$300,MATCH($A142,'INPUT-SIF_Questions'!$A$2:$A$300,0)),"")) | L142: =IF($A142="","",IFERROR(INDEX('INPUT-SIF_Questions'!$E$2:$E$300,MATCH($A142,'INPUT-SIF_Questions'!$A$2:$A$300,0)),""))
I143: =IF($A143="","",IFERROR(INDEX('INPUT-SIF_Questions'!$B$2:$B$300,MATCH($A143,'INPUT-SIF_Questions'!$A$2:$A$300,0)),"")) | J143: =IF($A143="","",IFERROR(INDEX('INPUT-SIF_Questions'!$F$2:$F$300,MATCH($A143,'INPUT-SIF_Questions'!$A$2:$A$300,0)),"")) | K143: =IF($A143="","",IFERROR(INDEX('INPUT-SIF_Questions'!$G$2:$G$300,MATCH($A143,'INPUT-SIF_Questions'!$A$2:$A$300,0)),"")) | L143: =IF($A143="","",IFERROR(INDEX('INPUT-SIF_Questions'!$E$2:$E$300,MATCH($A143,'INPUT-SIF_Questions'!$A$2:$A$300,0)),""))
I144: =IF($A144="","",IFERROR(INDEX('INPUT-SIF_Questions'!$B$2:$B$300,MATCH($A144,'INPUT-SIF_Questions'!$A$2:$A$300,0)),"")) | J144: =IF($A144="","",IFERROR(INDEX('INPUT-SIF_Questions'!$F$2:$F$300,MATCH($A144,'INPUT-SIF_Questions'!$A$2:$A$300,0)),"")) | K144: =IF($A144="","",IFERROR(INDEX('INPUT-SIF_Questions'!$G$2:$G$300,MATCH($A144,'INPUT-SIF_Questions'!$A$2:$A$300,0)),"")) | L144: =IF($A144="","",IFERROR(INDEX('INPUT-SIF_Questions'!$E$2:$E$300,MATCH($A144,'INPUT-SIF_Questions'!$A$2:$A$300,0)),""))
I145: =IF($A145="","",IFERROR(INDEX('INPUT-SIF_Questions'!$B$2:$B$300,MATCH($A145,'INPUT-SIF_Questions'!$A$2:$A$300,0)),"")) | J145: =IF($A145="","",IFERROR(INDEX('INPUT-SIF_Questions'!$F$2:$F$300,MATCH($A145,'INPUT-SIF_Questions'!$A$2:$A$300,0)),"")) | K145: =IF($A145="","",IFERROR(INDEX('INPUT-SIF_Questions'!$G$2:$G$300,MATCH($A145,'INPUT-SIF_Questions'!$A$2:$A$300,0)),"")) | L145: =IF($A145="","",IFERROR(INDEX('INPUT-SIF_Questions'!$E$2:$E$300,MATCH($A145,'INPUT-SIF_Questions'!$A$2:$A$300,0)),""))
I146: =IF($A146="","",IFERROR(INDEX('INPUT-SIF_Questions'!$B$2:$B$300,MATCH($A146,'INPUT-SIF_Questions'!$A$2:$A$300,0)),"")) | J146: =IF($A146="","",IFERROR(INDEX('INPUT-SIF_Questions'!$F$2:$F$300,MATCH($A146,'INPUT-SIF_Questions'!$A$2:$A$300,0)),"")) | K146: =IF($A146="","",IFERROR(INDEX('INPUT-SIF_Questions'!$G$2:$G$300,MATCH($A146,'INPUT-SIF_Questions'!$A$2:$A$300,0)),"")) | L146: =IF($A146="","",IFERROR(INDEX('INPUT-SIF_Questions'!$E$2:$E$300,MATCH($A146,'INPUT-SIF_Questions'!$A$2:$A$300,0)),""))
I147: =IF($A147="","",IFERROR(INDEX('INPUT-SIF_Questions'!$B$2:$B$300,MATCH($A147,'INPUT-SIF_Questions'!$A$2:$A$300,0)),"")) | J147: =IF($A147="","",IFERROR(INDEX('INPUT-SIF_Questions'!$F$2:$F$300,MATCH($A147,'INPUT-SIF_Questions'!$A$2:$A$300,0)),"")) | K147: =IF($A147="","",IFERROR(INDEX('INPUT-SIF_Questions'!$G$2:$G$300,MATCH($A147,'INPUT-SIF_Questions'!$A$2:$A$300,0)),"")) | L147: =IF($A147="","",IFERROR(INDEX('INPUT-SIF_Questions'!$E$2:$E$300,MATCH($A147,'INPUT-SIF_Questions'!$A$2:$A$300,0)),""))
I148: =IF($A148="","",IFERROR(INDEX('INPUT-SIF_Questions'!$B$2:$B$300,MATCH($A148,'INPUT-SIF_Questions'!$A$2:$A$300,0)),"")) | J148: =IF($A148="","",IFERROR(INDEX('INPUT-SIF_Questions'!$F$2:$F$300,MATCH($A148,'INPUT-SIF_Questions'!$A$2:$A$300,0)),"")) | K148: =IF($A148="","",IFERROR(INDEX('INPUT-SIF_Questions'!$G$2:$G$300,MATCH($A148,'INPUT-SIF_Questions'!$A$2:$A$300,0)),"")) | L148: =IF($A148="","",IFERROR(INDEX('INPUT-SIF_Questions'!$E$2:$E$300,MATCH($A148,'INPUT-SIF_Questions'!$A$2:$A$300,0)),""))
I149: =IF($A149="","",IFERROR(INDEX('INPUT-SIF_Questions'!$B$2:$B$300,MATCH($A149,'INPUT-SIF_Questions'!$A$2:$A$300,0)),"")) | J149: =IF($A149="","",IFERROR(INDEX('INPUT-SIF_Questions'!$F$2:$F$300,MATCH($A149,'INPUT-SIF_Questions'!$A$2:$A$300,0)),"")) | K149: =IF($A149="","",IFERROR(INDEX('INPUT-SIF_Questions'!$G$2:$G$300,MATCH($A149,'INPUT-SIF_Questions'!$A$2:$A$300,0)),"")) | L149: =IF($A149="","",IFERROR(INDEX('INPUT-SIF_Questions'!$E$2:$E$300,MATCH($A149,'INPUT-SIF_Questions'!$A$2:$A$300,0)),""))
I150: =IF($A150="","",IFERROR(INDEX('INPUT-SIF_Questions'!$B$2:$B$300,MATCH($A150,'INPUT-SIF_Questions'!$A$2:$A$300,0)),"")) | J150: =IF($A150="","",IFERROR(INDEX('INPUT-SIF_Questions'!$F$2:$F$300,MATCH($A150,'INPUT-SIF_Questions'!$A$2:$A$300,0)),"")) | K150: =IF($A150="","",IFERROR(INDEX('INPUT-SIF_Questions'!$G$2:$G$300,MATCH($A150,'INPUT-SIF_Questions'!$A$2:$A$300,0)),"")) | L150: =IF($A150="","",IFERROR(INDEX('INPUT-SIF_Questions'!$E$2:$E$300,MATCH($A150,'INPUT-SIF_Questions'!$A$2:$A$300,0)),""))
I151: =IF($A151="","",IFERROR(INDEX('INPUT-SIF_Questions'!$B$2:$B$300,MATCH($A151,'INPUT-SIF_Questions'!$A$2:$A$300,0)),"")) | J151: =IF($A151="","",IFERROR(INDEX('INPUT-SIF_Questions'!$F$2:$F$300,MATCH($A151,'INPUT-SIF_Questions'!$A$2:$A$300,0)),"")) | K151: =IF($A151="","",IFERROR(INDEX('INPUT-SIF_Questions'!$G$2:$G$300,MATCH($A151,'INPUT-SIF_Questions'!$A$2:$A$300,0)),"")) | L151: =IF($A151="","",IFERROR(INDEX('INPUT-SIF_Questions'!$E$2:$E$300,MATCH($A151,'INPUT-SIF_Questions'!$A$2:$A$300,0)),""))
I152: =IF($A152="","",IFERROR(INDEX('INPUT-SIF_Questions'!$B$2:$B$300,MATCH($A152,'INPUT-SIF_Questions'!$A$2:$A$300,0)),"")) | J152: =IF($A152="","",IFERROR(INDEX('INPUT-SIF_Questions'!$F$2:$F$300,MATCH($A152,'INPUT-SIF_Questions'!$A$2:$A$300,0)),"")) | K152: =IF($A152="","",IFERROR(INDEX('INPUT-SIF_Questions'!$G$2:$G$300,MATCH($A152,'INPUT-SIF_Questions'!$A$2:$A$300,0)),"")) | L152: =IF($A152="","",IFERROR(INDEX('INPUT-SIF_Questions'!$E$2:$E$300,MATCH($A152,'INPUT-SIF_Questions'!$A$2:$A$300,0)),""))
... I300: =IF($A300="","",IFERROR(INDEX('INPUT-SIF_Questions'!$B$2:$B$300,MATCH($A300,'INPUT-SIF_Questions'!$A$2:$A$300,0)),"")) | J300: =IF($A300="","",IFERROR(INDEX('INPUT-SIF_Questions'!$F$2:$F$300,MATCH($A300,'INPUT-SIF_Questions'!$A$2:$A$300,0)),"")) | K300: =IF($A300="","",IFERROR(INDEX('INPUT-SIF_Questions'!$G$2:$G$300,MATCH($A300,'INPUT-SIF_Questions'!$A$2:$A$300,0)),"")) | L300: =IF($A300="","",IFERROR(INDEX('INPUT-SIF_Questions'!$E$2:$E$300,MATCH($A300,'INPUT-SIF_Questions'!$A$2:$A$300,0)),""))

Sheet INPUT-Latent_Conditions
A1: Obs_ID | B1: Protocols | C1: Protocols | D1: Latent Observation | E1: Latent_Level_1 | F1: Latent codes | G1: Latent_Level_2 | H1: Alasan / Penjelasan | K1: Observation_Sequence | L1: Observation_Status | M1: Active_Observation | N1: Improvement_ID
A2: OBS-001 | B2: WAH | C2: =IFERROR(VLOOKUP(B2,'DATABASE-DRIFT_LATENT_HP_ERROR'!$A$143:$B$160,2,FALSE()),"") -> Work at Height | D2: Terdapat gap kompetensi pada level workforce dan supervision terkait hierarchy of control Work at Height, khususnya mengenai perbedaan fall restraint dan fall arrest, suspension trauma hazard, rescue preparedness, serta engineering consequence penggunaan fall arrest system. | E2: Competency / Training | F2: =IFERROR(VLOOKUP(E2,'DATABASE-DRIFT_LATENT_HP_ERROR'!$A$81:$B$85,2,FALSE()),"") -> Latent.1 | G2: Inadequate WAH understanding | H2: =IFERROR(VLOOKUP(G2,'DATABASE-DRIFT_LATENT_HP_ERROR'!$B$88:$D$137,3,FALSE()),"") -> Hierarchy of control WAH tidak dipahami. | K2: =IF($A2="","",IFERROR(INDEX('INPUT-SIF_Questions'!$B$2:$B$300,MATCH($A2,'INPUT-SIF_Questions'!$A$2:$A$300,0)),"")) -> 1 | L2: =IF($A2="","",IFERROR(INDEX('INPUT-SIF_Questions'!$F$2:$F$300,MATCH($A2,'INPUT-SIF_Questions'!$A$2:$A$300,0)),"")) -> Baseline | M2: =IF($A2="","",IFERROR(INDEX('INPUT-SIF_Questions'!$G$2:$G$300,MATCH($A2,'INPUT-SIF_Questions'!$A$2:$A$300,0)),"")) -> Y | N2: =IF($A2="","",IFERROR(INDEX('INPUT-SIF_Questions'!$E$2:$E$300,MATCH($A2,'INPUT-SIF_Questions'!$A$2:$A$300,0)),"")) -> 0
A3: OBS-001 | B3: WAH | C3: =IFERROR(VLOOKUP(B3,'DATABASE-DRIFT_LATENT_HP_ERROR'!$A$143:$B$160,2,FALSE()),"") -> Work at Height | D3: Pemahaman terhadap engineering consequence penggunaan fall arrest system seperti free fall distance, swing fall hazard, dynamic load, dan anchorage strength masih belum memadai. | E3: Competency / Training | F3: =IFERROR(VLOOKUP(E3,'DATABASE-DRIFT_LATENT_HP_ERROR'!$A$81:$B$85,2,FALSE()),"") -> Latent.1 | G3: Inadequate engineering understanding | H3: =IFERROR(VLOOKUP(G3,'DATABASE-DRIFT_LATENT_HP_ERROR'!$B$88:$D$137,3,FALSE()),"") -> Pemahaman engineering consequence lemah. | K3: =IF($A3="","",IFERROR(INDEX('INPUT-SIF_Questions'!$B$2:$B$300,MATCH($A3,'INPUT-SIF_Questions'!$A$2:$A$300,0)),"")) -> 1 | L3: =IF($A3="","",IFERROR(INDEX('INPUT-SIF_Questions'!$F$2:$F$300,MATCH($A3,'INPUT-SIF_Questions'!$A$2:$A$300,0)),"")) -> Baseline | M3: =IF($A3="","",IFERROR(INDEX('INPUT-SIF_Questions'!$G$2:$G$300,MATCH($A3,'INPUT-SIF_Questions'!$A$2:$A$300,0)),"")) -> Y | N3: =IF($A3="","",IFERROR(INDEX('INPUT-SIF_Questions'!$E$2:$E$300,MATCH($A3,'INPUT-SIF_Questions'!$A$2:$A$300,0)),"")) -> 0
A4: OBS-001 | B4: WAH | C4: =IFERROR(VLOOKUP(B4,'DATABASE-DRIFT_LATENT_HP_ERROR'!$A$143:$B$160,2,FALSE()),"") -> Work at Height | D4: Belum tersedia personel dengan kompetensi memadai untuk menentukan anchorage point dan memahami rescue preparedness terhadap suspension trauma sesuai risiko pekerjaan scaffolding. | E4: Competency / Training | F4: =IFERROR(VLOOKUP(E4,'DATABASE-DRIFT_LATENT_HP_ERROR'!$A$81:$B$85,2,FALSE()),"") -> Latent.1 | G4: Qualification gap | H4: =IFERROR(VLOOKUP(G4,'DATABASE-DRIFT_LATENT_HP_ERROR'!$B$88:$D$137,3,FALSE()),"") -> Personel belum memiliki kompetensi atau sertifikasi sesuai risiko pekerjaan. | K4: =IF($A4="","",IFERROR(INDEX('INPUT-SIF_Questions'!$B$2:$B$300,MATCH($A4,'INPUT-SIF_Questions'!$A$2:$A$300,0)),"")) -> 1 | L4: =IF($A4="","",IFERROR(INDEX('INPUT-SIF_Questions'!$F$2:$F$300,MATCH($A4,'INPUT-SIF_Questions'!$A$2:$A$300,0)),"")) -> Baseline | M4: =IF($A4="","",IFERROR(INDEX('INPUT-SIF_Questions'!$G$2:$G$300,MATCH($A4,'INPUT-SIF_Questions'!$A$2:$A$300,0)),"")) -> Y | N4: =IF($A4="","",IFERROR(INDEX('INPUT-SIF_Questions'!$E$2:$E$300,MATCH($A4,'INPUT-SIF_Questions'!$A$2:$A$300,0)),"")) -> 0
A5: OBS-001 | B5: WAH | C5: =IFERROR(VLOOKUP(B5,'DATABASE-DRIFT_LATENT_HP_ERROR'!$A$143:$B$160,2,FALSE()),"") -> Work at Height | D5: Prosedur pemasangan dan pembongkaran scaffolding belum menjelaskan secara detail urutan kerja, metode penurunan material, titik anchor, pengendalian dropped object hazard, dan langkah kerja untuk memastikan 100% tie-off. | E5: Procedure / Documentation | F5: =IFERROR(VLOOKUP(E5,'DATABASE-DRIFT_LATENT_HP_ERROR'!$A$81:$B$85,2,FALSE()),"") -> Latent.2 | G5: Procedure not step-by-step | H5: =IFERROR(VLOOKUP(G5,'DATABASE-DRIFT_LATENT_HP_ERROR'!$B$88:$D$137,3,FALSE()),"") -> Langkah kerja tidak dijelaskan detail dan sistematis. | K5: =IF($A5="","",IFERROR(INDEX('INPUT-SIF_Questions'!$B$2:$B$300,MATCH($A5,'INPUT-SIF_Questions'!$A$2:$A$300,0)),"")) -> 1 | L5: =IF($A5="","",IFERROR(INDEX('INPUT-SIF_Questions'!$F$2:$F$300,MATCH($A5,'INPUT-SIF_Questions'!$A$2:$A$300,0)),"")) -> Baseline | M5: =IF($A5="","",IFERROR(INDEX('INPUT-SIF_Questions'!$G$2:$G$300,MATCH($A5,'INPUT-SIF_Questions'!$A$2:$A$300,0)),"")) -> Y | N5: =IF($A5="","",IFERROR(INDEX('INPUT-SIF_Questions'!$E$2:$E$300,MATCH($A5,'INPUT-SIF_Questions'!$A$2:$A$300,0)),"")) -> 0
A6: OBS-001 | B6: WAH | C6: =IFERROR(VLOOKUP(B6,'DATABASE-DRIFT_LATENT_HP_ERROR'!$A$143:$B$160,2,FALSE()),"") -> Work at Height | D6: Prosedur dan dokumen PTW belum menjelaskan secara jelas critical safeguard terkait suspension trauma, rescue preparedness, free fall distance, dan engineering safeguard penggunaan fall arrest system. | E6: Procedure / Documentation | F6: =IFERROR(VLOOKUP(E6,'DATABASE-DRIFT_LATENT_HP_ERROR'!$A$81:$B$85,2,FALSE()),"") -> Latent.2 | G6: Critical safeguard not defined | H6: =IFERROR(VLOOKUP(G6,'DATABASE-DRIFT_LATENT_HP_ERROR'!$B$88:$D$137,3,FALSE()),"") -> Safeguard penting tidak tertulis jelas. | K6: =IF($A6="","",IFERROR(INDEX('INPUT-SIF_Questions'!$B$2:$B$300,MATCH($A6,'INPUT-SIF_Questions'!$A$2:$A$300,0)),"")) -> 1 | L6: =IF($A6="","",IFERROR(INDEX('INPUT-SIF_Questions'!$F$2:$F$300,MATCH($A6,'INPUT-SIF_Questions'!$A$2:$A$300,0)),"")) -> Baseline | M6: =IF($A6="","",IFERROR(INDEX('INPUT-SIF_Questions'!$G$2:$G$300,MATCH($A6,'INPUT-SIF_Questions'!$A$2:$A$300,0)),"")) -> Y | N6: =IF($A6="","",IFERROR(INDEX('INPUT-SIF_Questions'!$E$2:$E$300,MATCH($A6,'INPUT-SIF_Questions'!$A$2:$A$300,0)),"")) -> 0
A7: OBS-001 | B7: WAH | C7: =IFERROR(VLOOKUP(B7,'DATABASE-DRIFT_LATENT_HP_ERROR'!$A$143:$B$160,2,FALSE()),"") -> Work at Height | D7: Kriteria engineering terkait free fall distance, swing fall hazard, load rating anchorage point, dan acceptance criteria anchorage belum tersedia secara memadai di dokumen kerja. | E7: Procedure / Documentation | F7: =IFERROR(VLOOKUP(E7,'DATABASE-DRIFT_LATENT_HP_ERROR'!$A$81:$B$85,2,FALSE()),"") -> Latent.2 | G7: Missing engineering criteria | H7: =IFERROR(VLOOKUP(G7,'DATABASE-DRIFT_LATENT_HP_ERROR'!$B$88:$D$137,3,FALSE()),"") -> Kriteria engineering atau acceptance criteria tidak tersedia. | K7: =IF($A7="","",IFERROR(INDEX('INPUT-SIF_Questions'!$B$2:$B$300,MATCH($A7,'INPUT-SIF_Questions'!$A$2:$A$300,0)),"")) -> 1 | L7: =IF($A7="","",IFERROR(INDEX('INPUT-SIF_Questions'!$F$2:$F$300,MATCH($A7,'INPUT-SIF_Questions'!$A$2:$A$300,0)),"")) -> Baseline | M7: =IF($A7="","",IFERROR(INDEX('INPUT-SIF_Questions'!$G$2:$G$300,MATCH($A7,'INPUT-SIF_Questions'!$A$2:$A$300,0)),"")) -> Y | N7: =IF($A7="","",IFERROR(INDEX('INPUT-SIF_Questions'!$E$2:$E$300,MATCH($A7,'INPUT-SIF_Questions'!$A$2:$A$300,0)),"")) -> 0
A8: OBS-001 | B8: WAH | C8: =IFERROR(VLOOKUP(B8,'DATABASE-DRIFT_LATENT_HP_ERROR'!$A$143:$B$160,2,FALSE()),"") -> Work at Height | D8: SWC dan checklist pekerjaan belum efektif membantu hazard recognition dan critical thinking terhadap engineering consequence pekerjaan WAH. | E8: Procedure / Documentation | F8: =IFERROR(VLOOKUP(E8,'DATABASE-DRIFT_LATENT_HP_ERROR'!$A$81:$B$85,2,FALSE()),"") -> Latent.2 | G8: SWC quality weakness | H8: =IFERROR(VLOOKUP(G8,'DATABASE-DRIFT_LATENT_HP_ERROR'!$B$88:$D$137,3,FALSE()),"") -> SWC tidak efektif membantu hazard recognition. | K8: =IF($A8="","",IFERROR(INDEX('INPUT-SIF_Questions'!$B$2:$B$300,MATCH($A8,'INPUT-SIF_Questions'!$A$2:$A$300,0)),"")) -> 1 | L8: =IF($A8="","",IFERROR(INDEX('INPUT-SIF_Questions'!$F$2:$F$300,MATCH($A8,'INPUT-SIF_Questions'!$A$2:$A$300,0)),"")) -> Baseline | M8: =IF($A8="","",IFERROR(INDEX('INPUT-SIF_Questions'!$G$2:$G$300,MATCH($A8,'INPUT-SIF_Questions'!$A$2:$A$300,0)),"")) -> Y | N8: =IF($A8="","",IFERROR(INDEX('INPUT-SIF_Questions'!$E$2:$E$300,MATCH($A8,'INPUT-SIF_Questions'!$A$2:$A$300,0)),"")) -> 0
A9: OBS-001 | B9: WAH | C9: =IFERROR(VLOOKUP(B9,'DATABASE-DRIFT_LATENT_HP_ERROR'!$A$143:$B$160,2,FALSE()),"") -> Work at Height | D9: Supervisor dan pengawas lapangan masih berasumsi bahwa pekerja telah memahami risiko dan critical safeguards pekerjaan WAH tanpa validasi teknikal mendalam. | E9: Leadership / Supervision | F9: =IFERROR(VLOOKUP(E9,'DATABASE-DRIFT_LATENT_HP_ERROR'!$A$81:$B$85,2,FALSE()),"") -> Latent.3 | G9: Assumption-based supervision | H9: =IFERROR(VLOOKUP(G9,'DATABASE-DRIFT_LATENT_HP_ERROR'!$B$88:$D$137,3,FALSE()),"") -> Supervisor berasumsi pekerja sudah memahami risiko. | K9: =IF($A9="","",IFERROR(INDEX('INPUT-SIF_Questions'!$B$2:$B$300,MATCH($A9,'INPUT-SIF_Questions'!$A$2:$A$300,0)),"")) -> 1 | L9: =IF($A9="","",IFERROR(INDEX('INPUT-SIF_Questions'!$F$2:$F$300,MATCH($A9,'INPUT-SIF_Questions'!$A$2:$A$300,0)),"")) -> Baseline | M9: =IF($A9="","",IFERROR(INDEX('INPUT-SIF_Questions'!$G$2:$G$300,MATCH($A9,'INPUT-SIF_Questions'!$A$2:$A$300,0)),"")) -> Y | N9: =IF($A9="","",IFERROR(INDEX('INPUT-SIF_Questions'!$E$2:$E$300,MATCH($A9,'INPUT-SIF_Questions'!$A$2:$A$300,0)),"")) -> 0
A10: OBS-001 | B10: WAH | C10: =IFERROR(VLOOKUP(B10,'DATABASE-DRIFT_LATENT_HP_ERROR'!$A$143:$B$160,2,FALSE()),"") -> Work at Height | D10: Validasi lapangan terhadap critical safeguards seperti rescue readiness, anchorage verification, dropped object prevention, dan 100% tie-off belum dilakukan secara mendalam. | E10: Leadership / Supervision | F10: =IFERROR(VLOOKUP(E10,'DATABASE-DRIFT_LATENT_HP_ERROR'!$A$81:$B$85,2,FALSE()),"") -> Latent.3 | G10: Inadequate field verification | H10: =IFERROR(VLOOKUP(G10,'DATABASE-DRIFT_LATENT_HP_ERROR'!$B$88:$D$137,3,FALSE()),"") -> Validasi lapangan tidak cukup mendalam. | K10: =IF($A10="","",IFERROR(INDEX('INPUT-SIF_Questions'!$B$2:$B$300,MATCH($A10,'INPUT-SIF_Questions'!$A$2:$A$300,0)),"")) -> 1 | L10: =IF($A10="","",IFERROR(INDEX('INPUT-SIF_Questions'!$F$2:$F$300,MATCH($A10,'INPUT-SIF_Questions'!$A$2:$A$300,0)),"")) -> Baseline | M10: =IF($A10="","",IFERROR(INDEX('INPUT-SIF_Questions'!$G$2:$G$300,MATCH($A10,'INPUT-SIF_Questions'!$A$2:$A$300,0)),"")) -> Y | N10: =IF($A10="","",IFERROR(INDEX('INPUT-SIF_Questions'!$E$2:$E$300,MATCH($A10,'INPUT-SIF_Questions'!$A$2:$A$300,0)),"")) -> 0
A11: OBS-001 | B11: WAH | C11: =IFERROR(VLOOKUP(B11,'DATABASE-DRIFT_LATENT_HP_ERROR'!$A$143:$B$160,2,FALSE()),"") -> Work at Height | D11: Coaching dan diskusi teknikal lapangan belum fokus terhadap critical safeguards, suspension trauma, hierarchy of control WAH, dan engineering consequence penggunaan fall arrest system. | E11: Leadership / Supervision | F11: =IFERROR(VLOOKUP(E11,'DATABASE-DRIFT_LATENT_HP_ERROR'!$A$81:$B$85,2,FALSE()),"") -> Latent.3 | G11: Weak coaching quality | H11: =IFERROR(VLOOKUP(G11,'DATABASE-DRIFT_LATENT_HP_ERROR'!$B$88:$D$137,3,FALSE()),"") -> Coaching tidak fokus pada critical safeguards. | K11: =IF($A11="","",IFERROR(INDEX('INPUT-SIF_Questions'!$B$2:$B$300,MATCH($A11,'INPUT-SIF_Questions'!$A$2:$A$300,0)),"")) -> 1 | L11: =IF($A11="","",IFERROR(INDEX('INPUT-SIF_Questions'!$F$2:$F$300,MATCH($A11,'INPUT-SIF_Questions'!$A$2:$A$300,0)),"")) -> Baseline | M11: =IF($A11="","",IFERROR(INDEX('INPUT-SIF_Questions'!$G$2:$G$300,MATCH($A11,'INPUT-SIF_Questions'!$A$2:$A$300,0)),"")) -> Y | N11: =IF($A11="","",IFERROR(INDEX('INPUT-SIF_Questions'!$E$2:$E$300,MATCH($A11,'INPUT-SIF_Questions'!$A$2:$A$300,0)),"")) -> 0
A12: OBS-001 | B12: WAH | C12: =IFERROR(VLOOKUP(B12,'DATABASE-DRIFT_LATENT_HP_ERROR'!$A$143:$B$160,2,FALSE()),"") -> Work at Height | D12: Rescue plan terhadap suspension trauma belum dikembangkan sesuai risiko aktual pekerjaan WAH menggunakan fall arrest system. | E12: Planning / Risk Assessment | F12: =IFERROR(VLOOKUP(E12,'DATABASE-DRIFT_LATENT_HP_ERROR'!$A$81:$B$85,2,FALSE()),"") -> Latent.4 | G12: Rescue plan not developed | H12: =IFERROR(VLOOKUP(G12,'DATABASE-DRIFT_LATENT_HP_ERROR'!$B$88:$D$137,3,FALSE()),"") -> Rescue plan belum dikembangkan sesuai risiko aktual. | K12: =IF($A12="","",IFERROR(INDEX('INPUT-SIF_Questions'!$B$2:$B$300,MATCH($A12,'INPUT-SIF_Questions'!$A$2:$A$300,0)),"")) -> 1 | L12: =IF($A12="","",IFERROR(INDEX('INPUT-SIF_Questions'!$F$2:$F$300,MATCH($A12,'INPUT-SIF_Questions'!$A$2:$A$300,0)),"")) -> Baseline | M12: =IF($A12="","",IFERROR(INDEX('INPUT-SIF_Questions'!$G$2:$G$300,MATCH($A12,'INPUT-SIF_Questions'!$A$2:$A$300,0)),"")) -> Y | N12: =IF($A12="","",IFERROR(INDEX('INPUT-SIF_Questions'!$E$2:$E$300,MATCH($A12,'INPUT-SIF_Questions'!$A$2:$A$300,0)),"")) -> 0
A13: OBS-001 | B13: WAH | C13: =IFERROR(VLOOKUP(B13,'DATABASE-DRIFT_LATENT_HP_ERROR'!$A$143:$B$160,2,FALSE()),"") -> Work at Height | D13: Perencanaan pekerjaan belum mempertimbangkan seluruh exposure risiko jatuh, swing fall hazard, dropped object hazard, dan rescue consequence pada pekerjaan scaffolding. | E13: Planning / Risk Assessment | F13: =IFERROR(VLOOKUP(E13,'DATABASE-DRIFT_LATENT_HP_ERROR'!$A$81:$B$85,2,FALSE()),"") -> Latent.4 | G13: Inadequate job planning | H13: =IFERROR(VLOOKUP(G13,'DATABASE-DRIFT_LATENT_HP_ERROR'!$B$88:$D$137,3,FALSE()),"") -> Perencanaan pekerjaan tidak mempertimbangkan seluruh exposure. | K13: =IF($A13="","",IFERROR(INDEX('INPUT-SIF_Questions'!$B$2:$B$300,MATCH($A13,'INPUT-SIF_Questions'!$A$2:$A$300,0)),"")) -> 1 | L13: =IF($A13="","",IFERROR(INDEX('INPUT-SIF_Questions'!$F$2:$F$300,MATCH($A13,'INPUT-SIF_Questions'!$A$2:$A$300,0)),"")) -> Baseline | M13: =IF($A13="","",IFERROR(INDEX('INPUT-SIF_Questions'!$G$2:$G$300,MATCH($A13,'INPUT-SIF_Questions'!$A$2:$A$300,0)),"")) -> Y | N13: =IF($A13="","",IFERROR(INDEX('INPUT-SIF_Questions'!$E$2:$E$300,MATCH($A13,'INPUT-SIF_Questions'!$A$2:$A$300,0)),"")) -> 0
... A157: OBS-023 | B157: IHE | C157: =IFERROR(VLOOKUP(B157,'DATABASE-DRIFT_LATENT_HP_ERROR'!$A$143:$B$160,2,FALSE()),"") -> Powered System / Isolation of Hazardous Energy | D157: Individual LOTO Requirement Is Not Fully Aligned Between IHE Philosophy and SIKA/ICC Practice — Praktik ICC/SIKA dan LOTO Box menempatkan IA dan PA sebagai lock holder utama, sehingga dapat terbentuk interpretasi bahwa lock PA mewakili seluruh pekerja. Sistem work control belum cukup tegas memastikan bahwa setiap pekerja yang terpapar hazardous energy memasang personal lock masing-masing. | E157: Procedure / Documentation | F157: =IFERROR(VLOOKUP(E157,'DATABASE-DRIFT_LATENT_HP_ERROR'!$A$81:$B$85,2,FALSE()),"") -> Latent.2 | G157: Procedure not field practical | H157: =IFERROR(VLOOKUP(G157,'DATABASE-DRIFT_LATENT_HP_ERROR'!$B$88:$D$137,3,FALSE()),"") -> Prosedur sulit diterapkan di kondisi lapangan aktual. | K157: =IF($A157="","",IFERROR(INDEX('INPUT-SIF_Questions'!$B$2:$B$300,MATCH($A157,'INPUT-SIF_Questions'!$A$2:$A$300,0)),"")) -> 1 | L157: =IF($A157="","",IFERROR(INDEX('INPUT-SIF_Questions'!$F$2:$F$300,MATCH($A157,'INPUT-SIF_Questions'!$A$2:$A$300,0)),"")) -> Baseline | M157: =IF($A157="","",IFERROR(INDEX('INPUT-SIF_Questions'!$G$2:$G$300,MATCH($A157,'INPUT-SIF_Questions'!$A$2:$A$300,0)),"")) -> Y | N157: =IF($A157="","",IFERROR(INDEX('INPUT-SIF_Questions'!$E$2:$E$300,MATCH($A157,'INPUT-SIF_Questions'!$A$2:$A$300,0)),"")) -> 0
K158: =IF($A158="","",IFERROR(INDEX('INPUT-SIF_Questions'!$B$2:$B$300,MATCH($A158,'INPUT-SIF_Questions'!$A$2:$A$300,0)),"")) | L158: =IF($A158="","",IFERROR(INDEX('INPUT-SIF_Questions'!$F$2:$F$300,MATCH($A158,'INPUT-SIF_Questions'!$A$2:$A$300,0)),"")) | M158: =IF($A158="","",IFERROR(INDEX('INPUT-SIF_Questions'!$G$2:$G$300,MATCH($A158,'INPUT-SIF_Questions'!$A$2:$A$300,0)),"")) | N158: =IF($A158="","",IFERROR(INDEX('INPUT-SIF_Questions'!$E$2:$E$300,MATCH($A158,'INPUT-SIF_Questions'!$A$2:$A$300,0)),""))
K159: =IF($A159="","",IFERROR(INDEX('INPUT-SIF_Questions'!$B$2:$B$300,MATCH($A159,'INPUT-SIF_Questions'!$A$2:$A$300,0)),"")) | L159: =IF($A159="","",IFERROR(INDEX('INPUT-SIF_Questions'!$F$2:$F$300,MATCH($A159,'INPUT-SIF_Questions'!$A$2:$A$300,0)),"")) | M159: =IF($A159="","",IFERROR(INDEX('INPUT-SIF_Questions'!$G$2:$G$300,MATCH($A159,'INPUT-SIF_Questions'!$A$2:$A$300,0)),"")) | N159: =IF($A159="","",IFERROR(INDEX('INPUT-SIF_Questions'!$E$2:$E$300,MATCH($A159,'INPUT-SIF_Questions'!$A$2:$A$300,0)),""))
K160: =IF($A160="","",IFERROR(INDEX('INPUT-SIF_Questions'!$B$2:$B$300,MATCH($A160,'INPUT-SIF_Questions'!$A$2:$A$300,0)),"")) | L160: =IF($A160="","",IFERROR(INDEX('INPUT-SIF_Questions'!$F$2:$F$300,MATCH($A160,'INPUT-SIF_Questions'!$A$2:$A$300,0)),"")) | M160: =IF($A160="","",IFERROR(INDEX('INPUT-SIF_Questions'!$G$2:$G$300,MATCH($A160,'INPUT-SIF_Questions'!$A$2:$A$300,0)),"")) | N160: =IF($A160="","",IFERROR(INDEX('INPUT-SIF_Questions'!$E$2:$E$300,MATCH($A160,'INPUT-SIF_Questions'!$A$2:$A$300,0)),""))
K161: =IF($A161="","",IFERROR(INDEX('INPUT-SIF_Questions'!$B$2:$B$300,MATCH($A161,'INPUT-SIF_Questions'!$A$2:$A$300,0)),"")) | L161: =IF($A161="","",IFERROR(INDEX('INPUT-SIF_Questions'!$F$2:$F$300,MATCH($A161,'INPUT-SIF_Questions'!$A$2:$A$300,0)),"")) | M161: =IF($A161="","",IFERROR(INDEX('INPUT-SIF_Questions'!$G$2:$G$300,MATCH($A161,'INPUT-SIF_Questions'!$A$2:$A$300,0)),"")) | N161: =IF($A161="","",IFERROR(INDEX('INPUT-SIF_Questions'!$E$2:$E$300,MATCH($A161,'INPUT-SIF_Questions'!$A$2:$A$300,0)),""))
K162: =IF($A162="","",IFERROR(INDEX('INPUT-SIF_Questions'!$B$2:$B$300,MATCH($A162,'INPUT-SIF_Questions'!$A$2:$A$300,0)),"")) | L162: =IF($A162="","",IFERROR(INDEX('INPUT-SIF_Questions'!$F$2:$F$300,MATCH($A162,'INPUT-SIF_Questions'!$A$2:$A$300,0)),"")) | M162: =IF($A162="","",IFERROR(INDEX('INPUT-SIF_Questions'!$G$2:$G$300,MATCH($A162,'INPUT-SIF_Questions'!$A$2:$A$300,0)),"")) | N162: =IF($A162="","",IFERROR(INDEX('INPUT-SIF_Questions'!$E$2:$E$300,MATCH($A162,'INPUT-SIF_Questions'!$A$2:$A$300,0)),""))
K163: =IF($A163="","",IFERROR(INDEX('INPUT-SIF_Questions'!$B$2:$B$300,MATCH($A163,'INPUT-SIF_Questions'!$A$2:$A$300,0)),"")) | L163: =IF($A163="","",IFERROR(INDEX('INPUT-SIF_Questions'!$F$2:$F$300,MATCH($A163,'INPUT-SIF_Questions'!$A$2:$A$300,0)),"")) | M163: =IF($A163="","",IFERROR(INDEX('INPUT-SIF_Questions'!$G$2:$G$300,MATCH($A163,'INPUT-SIF_Questions'!$A$2:$A$300,0)),"")) | N163: =IF($A163="","",IFERROR(INDEX('INPUT-SIF_Questions'!$E$2:$E$300,MATCH($A163,'INPUT-SIF_Questions'!$A$2:$A$300,0)),""))
K164: =IF($A164="","",IFERROR(INDEX('INPUT-SIF_Questions'!$B$2:$B$300,MATCH($A164,'INPUT-SIF_Questions'!$A$2:$A$300,0)),"")) | L164: =IF($A164="","",IFERROR(INDEX('INPUT-SIF_Questions'!$F$2:$F$300,MATCH($A164,'INPUT-SIF_Questions'!$A$2:$A$300,0)),"")) | M164: =IF($A164="","",IFERROR(INDEX('INPUT-SIF_Questions'!$G$2:$G$300,MATCH($A164,'INPUT-SIF_Questions'!$A$2:$A$300,0)),"")) | N164: =IF($A164="","",IFERROR(INDEX('INPUT-SIF_Questions'!$E$2:$E$300,MATCH($A164,'INPUT-SIF_Questions'!$A$2:$A$300,0)),""))
K165: =IF($A165="","",IFERROR(INDEX('INPUT-SIF_Questions'!$B$2:$B$300,MATCH($A165,'INPUT-SIF_Questions'!$A$2:$A$300,0)),"")) | L165: =IF($A165="","",IFERROR(INDEX('INPUT-SIF_Questions'!$F$2:$F$300,MATCH($A165,'INPUT-SIF_Questions'!$A$2:$A$300,0)),"")) | M165: =IF($A165="","",IFERROR(INDEX('INPUT-SIF_Questions'!$G$2:$G$300,MATCH($A165,'INPUT-SIF_Questions'!$A$2:$A$300,0)),"")) | N165: =IF($A165="","",IFERROR(INDEX('INPUT-SIF_Questions'!$E$2:$E$300,MATCH($A165,'INPUT-SIF_Questions'!$A$2:$A$300,0)),""))
K166: =IF($A166="","",IFERROR(INDEX('INPUT-SIF_Questions'!$B$2:$B$300,MATCH($A166,'INPUT-SIF_Questions'!$A$2:$A$300,0)),"")) | L166: =IF($A166="","",IFERROR(INDEX('INPUT-SIF_Questions'!$F$2:$F$300,MATCH($A166,'INPUT-SIF_Questions'!$A$2:$A$300,0)),"")) | M166: =IF($A166="","",IFERROR(INDEX('INPUT-SIF_Questions'!$G$2:$G$300,MATCH($A166,'INPUT-SIF_Questions'!$A$2:$A$300,0)),"")) | N166: =IF($A166="","",IFERROR(INDEX('INPUT-SIF_Questions'!$E$2:$E$300,MATCH($A166,'INPUT-SIF_Questions'!$A$2:$A$300,0)),""))
K167: =IF($A167="","",IFERROR(INDEX('INPUT-SIF_Questions'!$B$2:$B$300,MATCH($A167,'INPUT-SIF_Questions'!$A$2:$A$300,0)),"")) | L167: =IF($A167="","",IFERROR(INDEX('INPUT-SIF_Questions'!$F$2:$F$300,MATCH($A167,'INPUT-SIF_Questions'!$A$2:$A$300,0)),"")) | M167: =IF($A167="","",IFERROR(INDEX('INPUT-SIF_Questions'!$G$2:$G$300,MATCH($A167,'INPUT-SIF_Questions'!$A$2:$A$300,0)),"")) | N167: =IF($A167="","",IFERROR(INDEX('INPUT-SIF_Questions'!$E$2:$E$300,MATCH($A167,'INPUT-SIF_Questions'!$A$2:$A$300,0)),""))
K168: =IF($A168="","",IFERROR(INDEX('INPUT-SIF_Questions'!$B$2:$B$300,MATCH($A168,'INPUT-SIF_Questions'!$A$2:$A$300,0)),"")) | L168: =IF($A168="","",IFERROR(INDEX('INPUT-SIF_Questions'!$F$2:$F$300,MATCH($A168,'INPUT-SIF_Questions'!$A$2:$A$300,0)),"")) | M168: =IF($A168="","",IFERROR(INDEX('INPUT-SIF_Questions'!$G$2:$G$300,MATCH($A168,'INPUT-SIF_Questions'!$A$2:$A$300,0)),"")) | N168: =IF($A168="","",IFERROR(INDEX('INPUT-SIF_Questions'!$E$2:$E$300,MATCH($A168,'INPUT-SIF_Questions'!$A$2:$A$300,0)),""))
K169: =IF($A169="","",IFERROR(INDEX('INPUT-SIF_Questions'!$B$2:$B$300,MATCH($A169,'INPUT-SIF_Questions'!$A$2:$A$300,0)),"")) | L169: =IF($A169="","",IFERROR(INDEX('INPUT-SIF_Questions'!$F$2:$F$300,MATCH($A169,'INPUT-SIF_Questions'!$A$2:$A$300,0)),"")) | M169: =IF($A169="","",IFERROR(INDEX('INPUT-SIF_Questions'!$G$2:$G$300,MATCH($A169,'INPUT-SIF_Questions'!$A$2:$A$300,0)),"")) | N169: =IF($A169="","",IFERROR(INDEX('INPUT-SIF_Questions'!$E$2:$E$300,MATCH($A169,'INPUT-SIF_Questions'!$A$2:$A$300,0)),""))
... K300: =IF($A300="","",IFERROR(INDEX('INPUT-SIF_Questions'!$B$2:$B$300,MATCH($A300,'INPUT-SIF_Questions'!$A$2:$A$300,0)),"")) | L300: =IF($A300="","",IFERROR(INDEX('INPUT-SIF_Questions'!$F$2:$F$300,MATCH($A300,'INPUT-SIF_Questions'!$A$2:$A$300,0)),"")) | M300: =IF($A300="","",IFERROR(INDEX('INPUT-SIF_Questions'!$G$2:$G$300,MATCH($A300,'INPUT-SIF_Questions'!$A$2:$A$300,0)),"")) | N300: =IF($A300="","",IFERROR(INDEX('INPUT-SIF_Questions'!$E$2:$E$300,MATCH($A300,'INPUT-SIF_Questions'!$A$2:$A$300,0)),""))

Sheet DATABASE_PSEC_CCVC
A1: No | B1: Protocol_Group | C1: PSEC_ID | D1: PSEC_Name | E1: Exposure_Type | F1: CCVC_ID | G1: Question_Code | H1: Question_Summary | I1: Verification_Purpose | J1: CCVC_Count | K1: Dashboard_Denominator_Note
A2: 1 | B2: Mandatory CLSR | C2: CLSR01 | D2: Tools & Equipment | E2: Mandatory CLSR | F2: CLSR01-A | G2: A | H2: Right Tool Selection | I2: Memastikan alat/peralatan yang dipilih sesuai pekerjaan, material, lingkungan, kapasitas, dan tidak dimodifikasi. | J2: 1 | K2: Applicable question counted as denominator; N/A excluded.
A3: 2 | B3: Mandatory CLSR | C3: CLSR01 | D3: Tools & Equipment | E3: Mandatory CLSR | F3: CLSR01-B | G3: B | H3: Safe Condition | I3: Memastikan kondisi alat aman, tidak rusak, inspection/tag/cert valid, dan alat tidak layak dikeluarkan dari penggunaan. | J3: 1 | K3: Applicable question counted as denominator; N/A excluded.
A4: 3 | B4: Mandatory CLSR | C4: CLSR01 | D4: Tools & Equipment | E4: Mandatory CLSR | F4: CLSR01-C | G4: C | H4: Safe Use of Tools & Equipment | I4: Memastikan alat digunakan sesuai fungsi, batas desain, prosedur, dan APD sesuai bahaya. | J4: 1 | K4: Applicable question counted as denominator; N/A excluded.
A5: 4 | B5: Mandatory CLSR | C5: CLSR01 | D5: Tools & Equipment | E5: Mandatory CLSR | F5: CLSR01-D | G5: D | H5: Positive Control of Tools & Equipment | I5: Memastikan alat tetap terkendali, tidak slip, kickback, recoil, jatuh, atau bergerak tidak terduga. | J5: 1 | K5: Applicable question counted as denominator; N/A excluded.
A6: 5 | B6: Mandatory CLSR | C6: CLSR02 | D6: Line of Fire | E6: Mandatory CLSR | F6: CLSR02-A | G6: A | H6: Identify Energy & Line of Fire | I6: Memastikan sumber energi dan paparan Line of Fire sudah diidentifikasi sebelum pekerjaan dimulai. | J6: 1 | K6: Applicable question counted as denominator; N/A excluded.
A7: 6 | B7: Mandatory CLSR | C7: CLSR02 | D7: Line of Fire | E7: Mandatory CLSR | F7: CLSR02-B | G7: B | H7: Eliminate, Control & Mitigate LOF | I7: Memastikan paparan Line of Fire dieliminasi, dikendalikan, dimitigasi, termasuk exclusion zone dan barricade. | J7: 1 | K7: Applicable question counted as denominator; N/A excluded.
A8: 7 | B8: Mandatory CLSR | C8: CLSR02 | D8: Line of Fire | E8: Mandatory CLSR | F8: CLSR02-C | G8: C | H8: Stay Out of Line of Fire | I8: Memastikan tidak ada bagian tubuh/personel berada pada pinch point, crush point, swing radius, suspended load, atau energy path. | J8: 1 | K8: Applicable question counted as denominator; N/A excluded.
A9: 8 | B9: Mandatory CLSR | C9: CLSR02 | D9: Line of Fire | E9: Mandatory CLSR | F9: CLSR02-D | G9: D | H9: Manage Dynamic Changes | I9: Memastikan perubahan kondisi kerja, posisi orang, alat, energi, SIMOPS, dan exclusion zone dikendalikan. | J9: 1 | K9: Applicable question counted as denominator; N/A excluded.
A10: 9 | B10: Mandatory CLSR | C10: CLSR03 | D10: Hot Work | E10: Mandatory CLSR | F10: CLSR03-A | G10: A | H10: Safe Atmosphere for Hot Work | I10: Memastikan atmosfer aman sebelum hot work, gas detector sesuai, operator paham, dan alat terkalibrasi. | J10: 1 | K10: Applicable question counted as denominator; N/A excluded.
A11: 10 | B11: Mandatory CLSR | C11: CLSR03 | D11: Hot Work | E11: Mandatory CLSR | F11: CLSR03-B | G11: B | H11: LEL Shutdown Limit | I11: Memastikan pekerja tahu hot work harus dihentikan bila LEL >= 10%. | J11: 1 | K11: Applicable question counted as denominator; N/A excluded.
A12: 11 | B12: Mandatory CLSR | C12: CLSR03 | D12: Hot Work | E12: Mandatory CLSR | F12: CLSR03-C | G12: C | H12: Mandatory Stop-Work Conditions | I12: Memastikan pekerja tahu kondisi wajib stop work selain LEL, seperti fire watch pergi, alat gas test gagal, atau near miss. | J12: 1 | K12: Applicable question counted as denominator; N/A excluded.
A13: 12 | B13: Mandatory CLSR | C13: CLSR03 | D13: Hot Work | E13: Mandatory CLSR | F13: CLSR03-D | G13: D | H13: Initial Gas Testing | I13: Memastikan initial gas test dilakukan pada sumber potensi flammable gas/vapor dan buffer zone hot work. | J13: 1 | K13: Applicable question counted as denominator; N/A excluded.
... A134: 133 | B134: Additional PSEC | C134: SIMOPS | D134: Simultaneous Operations | E134: Additional PSEC | F134: SIMOPS-F | G134: F | H134: Mandatory Stop-Work Conditions | I134: Memastikan pekerja tahu kondisi wajib stop work: scope berubah, incident, atau near miss. | J134: 1 | K134: Applicable question counted as denominator; N/A excluded.

Sheet DATABASE-DRIFT_LATENT_HP_ERROR
A1: DRIFT CLASSIFICATION TABLE | F1: COMPLETE HUMAN PERFORMANCE TOOLS | K1: ERROR TRAPS CLASSIFICATION TABLE
F2: (Human Performance / HOP / HPI / Nuclear / Oil & Gas Best Practices)
A3: DRIFT Level 1 | B3: Dift.Codes | F3: REFERENSI KONSEP, berikut merupakan kombinasi praktik terbaik dari: | K3: (Human Performance / HOP / HPI Recommended Error Traps)
A4: Procedural Drift | B4: Drift.1 | F4: 1. U.S. Department of Energy | K4: Error Traps Level 1 | L4: ErrorTrap Codes
A5: Normalization of Deviation | B5: Drift.2 | F5: 2. International Atomic Energy Agency | K5: Individual Factor | L5: ErrorTrap.1
A6: Skill-Based Performance Drift | B6: Drift.3 | F6: 3. Institute of Nuclear Power Operations | K6: Organizational Factor | L6: ErrorTrap.2
A7: Administrative Compliance Drift | B7: Drift.4 | F7: 4. Energy Institute | K7: Task Demands | L7: ErrorTrap.3
A8: Barrier Management Drift | B8: Drift.5 | F8: 5. IOGP | K8: Work Environment | L8: ErrorTrap.4
A9: Communication Drift | B9: Drift.6 | F9: 6. Human and Organizational Performance
A10: Risk Assessment Drift | B10: Drift.7
A11: Leadership Drift | B11: Drift.8 | F11: TABEL HUMAN PERFORMANCE TOOLS
A12: Human Performance Tool Drift | B12: Drift.9
A13: Engineering / Operating Drift | B13: Drift.10 | F13: HUMAN PERFORMANCE TOOL | G13: TUJUAN | H13: KAPAN DIGUNAKAN | I13: CARA PAKAI / IMPLEMENTASI | K13: ERROR TRAP CATEGORY | L13: ERROR TRAP | M13: PENJELASAN
F14: Pre-Job Brief | G14: Membangun shared understanding sebelum pekerjaan dimulai | H14: Sebelum pekerjaan high risk | I14: Diskusikan scope, hazard, critical safeguard, error traps, SWA trigger, rescue plan, dan role tiap personel. | K14: Individual Factor | L14: Stress | M14: Kondisi mental atau emosional mempengaruhi fokus dan pengambilan keputusan.
A15: DRIFT Level 1 | B15: DRIFT Level 2 | C15: Drift.L2.Codes | D15: PENJELASAN DETAIL | F15: Toolbox Meeting | G15: Menyamakan pemahaman harian | H15: Awal shift atau sebelum pekerjaan | I15: Fokus pada hazard aktual dan perubahan kondisi, bukan hanya membaca dokumen. | K15: Individual Factor | L15: Fatigue | M15: Kelelahan fisik atau mental menurunkan kewaspadaan dan performa kerja.
A16: Procedural_Drift | B16: Step skipped | C16: DriftL2.1 | D16: Langkah kerja penting dilewati sebagian atau seluruhnya saat pekerjaan dilakukan. | F16: Stop Work Authority (SWA) | G16: Menghentikan pekerjaan saat kondisi tidak aman | H16: Saat hazard baru muncul atau safeguard gagal | I16: Semua pekerja berhak menghentikan pekerjaan tanpa takut punishment. | K16: Individual Factor | L16: Distraction | M16: Gangguan perhatian menyebabkan fokus pekerjaan terganggu.
A17: Procedural_Drift | B17: Procedure simplified | C17: DriftL2.2 | D17: Procedure not detailed atau Prosedur kerja disederhanakan tanpa evaluasi risiko formal. | F17: Stop and Get Help | G17: Mencegah tindakan berdasarkan asumsi saat ragu | H17: Saat kondisi tidak dipahami, abnormal, atau tidak sesuai prosedur | I17: Hentikan pekerjaan sementara dan minta bantuan/verifikasi dari personel kompeten sebelum melanjutkan. | K17: Individual Factor | L17: Fitness for Duty | M17: Kondisi fisik/mental pekerja tidak optimal untuk melakukan pekerjaan dengan aman.
A18: Procedural_Drift | B18: Procedure not followed | C18: DriftL2.3 | D18: Prosedur tersedia tetapi implementasi aktual berbeda dari requirement. | F18: Take a Minute / STAR (Stop-Think-Act-Review) | G18: Mengurangi automatic behavior | H18: Sebelum langkah kritis | I18: Pause sejenak, pikirkan risiko, lakukan dengan sadar, lalu review hasil. | K18: Individual Factor | L18: Risk Tolerance | M18: Pekerja mulai menerima exposure risiko yang lebih tinggi sebagai hal normal.
A19: Procedural_Drift | B19: Informal work method used | C19: DriftL2.4 | D19: Pekerja menggunakan metode kerja tidak resmi berdasarkan kebiasaan lapangan. | F19: 3-Way Communication | G19: Menghindari miskomunikasi | H19: Instruksi kritis | I19: Sender memberi instruksi → receiver repeat back → sender confirm. | K19: Individual Factor | L19: Complacency | M19: Terlalu familiar dengan pekerjaan sehingga kewaspadaan menurun.
A20: Procedural_Drift | B20: Verification omitted | C20: DriftL2.5 | D20: Tahapan verifikasi critical safeguard tidak dilakukan. | F20: Repeat Back | G20: Memastikan instruksi dipahami | H20: Komunikasi verbal | I20: Receiver mengulang instruksi penting dengan kata sendiri. | K20: Individual Factor | L20: Overconfidence | M20: Kepercayaan diri berlebihan terhadap pengalaman atau kemampuan sendiri.
A21: Procedural_Drift | B21: Revalidation not performed | C21: DriftL2.6 | D21: Perubahan kondisi kerja tidak memicu review ulang permit/JSA/SWC. | F21: Speak, Point and Check | G21: Mengurangi salah identifikasi equipment/komponen | H21: Operasi valve, breaker, switch, isolasi, alignment equipment | I21: Sebut nama equipment, tunjuk fisik equipment, lalu verifikasi sebelum tindakan dilakukan. | K21: Organizational Factor | L21: Change | M21: Perubahan kondisi, scope, equipment, atau proses tidak dikelola dengan baik.
A22: Procedural_Drift | B22: Incomplete documentation | C22: DriftL2.7 | D22: Dokumentasi pekerjaan tidak lengkap tetapi pekerjaan tetap dilanjutkan. | F22: Peer Check | G22: Mendeteksi error sebelum terjadi | H22: Aktivitas kritis | I22: Rekan kerja memverifikasi tindakan/setting sebelum dieksekusi. | K22: Organizational Factor | L22: Time Pressure | M22: Tekanan schedule atau target produksi mempengaruhi keputusan keselamatan.
A23: Procedural_Drift | B23: Procedure interpreted differently | C23: DriftL2.8 | D23: Interpretasi prosedur berbeda antar personel atau departemen. | F23: Concurrent Verification | G23: Memastikan langkah kritis dilakukan benar | H23: Aktivitas SIF/high consequence | I23: Dua orang memverifikasi secara bersamaan dan independen. | K23: Organizational Factor | L23: Inadequate Training | M23: Training tidak cukup membangun pemahaman teknikal dan critical safeguards.
A24: Normalization_of_Deviation | B24: Unsafe condition accepted as normal | C24: DriftL2.9 | D24: Kondisi tidak aman mulai dianggap normal karena sering terjadi tanpa insiden. | F24: Independent Verification | G24: Menghindari confirmation bias | H24: Setelah pekerjaan selesai | I24: Orang kedua memeriksa hasil tanpa dipengaruhi pelaksana awal. | K24: Organizational Factor | L24: Unclear Roles & Responsibilities | M24: Peran dan tanggung jawab tidak dipahami dengan jelas.
A25: Normalization_of_Deviation | B25: Shortcut normalized | C25: DriftL2.10 | D25: Shortcut operasional menjadi praktik umum sehari-hari. | F25: Self-Checking | G25: Mengurangi human error individu | H25: Sebelum tindakan penting | I25: Gunakan STAR: Stop, Think, Act, Review. | K25: Organizational Factor | L25: Organizational & Peer Pressure | M25: Tekanan organisasi atau rekan kerja mempengaruhi perilaku aman.
A26: Normalization_of_Deviation | B26: Barrier bypass tolerated | C26: DriftL2.11 | D26: Pengabaian safeguard mulai diterima sebagai hal biasa. | F26: Procedure Use & Adherence | G26: Memastikan pekerjaan sesuai prosedur | H26: Aktivitas proceduralized | I26: Ikuti prosedur step-by-step tanpa improvisasi tidak resmi. | K26: Organizational Factor | L26: Poor Communication | M26: Komunikasi antar personel atau fungsi tidak efektif.
... A37: Administrative_Compliance_Drift | B37: Permit signed without validation | C37: DriftL2.22 | D37: Permit diparaf tanpa validasi lapangan yang memadai. | F37: Learning Team Discussion | G37: Mengidentifikasi systemic gap | H37: Setelah event/finding | I37: Diskusi tanpa blame untuk memahami why work drifted. | K37: Work Environment | L37: Challenging Peer Interaction | M37: Hubungan interpersonal/tim kerja menyulitkan komunikasi efektif atau challenge culture.
A38: Administrative_Compliance_Drift | B38: Toolbox meeting administrative only | C38: DriftL2.23 | D38: Toolbox meeting hanya membaca dokumen tanpa diskusi teknikal mendalam. | F38: Coaching in the Field | G38: Meningkatkan critical thinking | H38: Saat observasi lapangan | I38: Gunakan pertanyaan terbuka, bukan policing atau audit style.
A39: Administrative_Compliance_Drift | B39: Documentation prioritized over field verification | C39: DriftL2.24 | D39: Fokus lebih besar pada kelengkapan dokumen dibanding efektivitas safeguard di lapangan. | F39: Positive Reinforcement | G39: Memperkuat perilaku aman | H39: Saat observasi | I39: Berikan apresiasi spesifik terhadap safeguard yang efektif.
A40: Administrative_Compliance_Drift | B40: Signature without technical validation | C40: DriftL2.25 | D40: Persetujuan diberikan tanpa memastikan critical safeguard efektif. | F40: Conservative Decision Making | G40: Menghindari risk normalization | H40: Saat uncertainty | I40: Pilih opsi paling aman ketika data tidak lengkap.
A41: Barrier_Management_Drift | B41: Critical safeguard degraded | C41: DriftL2.26 | D41: Critical safeguard mulai kehilangan efektivitasnya. | F41: Stop When Unsure | G41: Mencegah assumption-based action | H41: Saat ragu | I41: Jangan lanjut sampai kondisi jelas dan tervalidasi.
A42: Barrier_Management_Drift | B42: Barrier verification ineffective | C42: DriftL2.27 | D42: Proses verifikasi safeguard tidak mampu mendeteksi kelemahan barrier. | F42: Human Error Precursors Review | G42: Mengenali faktor pemicu error | H42: Sebelum kerja | I42: Review fatigue, stress, pressure, distraction, dll.
A43: Barrier_Management_Drift | B43: Rescue preparedness degraded | C43: DriftL2.28 | D43: Kesiapan rescue tidak lagi sesuai risiko aktual pekerjaan. | F43: Line of Fire Review | G43: Menghindari struck-by/crush injury | H43: Sebelum positioning | I43: Evaluasi jalur energi dan posisi tubuh terhadap hazard.
A44: Barrier_Management_Drift | B44: Isolation verification weakened | C44: DriftL2.29 | D44: Verifikasi isolasi energi tidak dilakukan secara menyeluruh. | F44: Change Management Discussion | G44: Mengelola perubahan kondisi | H44: Saat scope berubah | I44: Review ulang hazard, JSA, permit, safeguard.
A45: Barrier_Management_Drift | B45: Engineering safeguard bypassed | C45: DriftL2.30 | D45: Safeguard engineering tidak digunakan atau dilewati. | F45: Dynamic Risk Assessment | G45: Mengelola risiko aktual | H45: Selama pekerjaan | I45: Reassess risiko ketika kondisi berubah.
A46: Barrier_Management_Drift | B46: Temporary safeguard relied upon | C46: DriftL2.31 | D46: Temporary safeguard dipakai sebagai pengendalian utama. | F46: Cross Checking | G46: Mengurangi assumption | H46: Aktivitas kompleks | I46: Tim saling memvalidasi status pekerjaan dan kondisi.
A47: Communication_Drift | B47: Assumption-based communication | C47: DriftL2.32 | D47: Informasi disampaikan berdasarkan asumsi tanpa konfirmasi dua arah. | F47: Task Observation | G47: Mendeteksi drift | H47: Selama pekerjaan | I47: Observer fokus pada work-as-done vs work-as-imagined.
A48: Communication_Drift | B48: Incomplete handover | C48: DriftL2.33 | D48: Informasi penting tidak tersampaikan saat pergantian shift/personel. | F48: Barrier Verification | G48: Memastikan barrier benar-benar bekerja | H48: Sebelum exposure | I48: Validasi engineering control, isolation, rescue, gas testing, dll.
A49: Communication_Drift | B49: Informal instruction used | C49: DriftL2.34 | D49: Instruksi kerja diberikan informal tanpa validasi resmi. | F49: Human Performance Observation | G49: Mengidentifikasi drift & latent condition | H49: Field verification | I49: Fokus pada behavior, system weakness, dan safeguard effectiveness.
... A76: Engineering_or_Operating_Drift | B76: Temporary modification uncontrolled | C76: DriftL2.61 | D76: Temporary modification dilakukan tanpa engineering review formal. | F76: Verification & Validation (V&V) | G76: Memastikan safeguard efektif dan dipahami | H76: Field verification | I76: Observasi, coaching, diskusi, dan validasi critical safeguard.
F77: Pre-Task Brief | G77: Memastikan seluruh personel memahami pekerjaan sebelum dimulai | H77: Sebelum pekerjaan dimulai | I77: Review scope pekerjaan, hazard, critical safeguard, SWA trigger, error traps, line of fire, rescue plan, dan role masing-masing personel sebelum bekerja.
A78: LATENT CONDITION CLASSIFICATION TABLE
A80: LATENT Level 1 | B80: Latent.Codes
A81: Competency / Training | B81: Latent.1
A82: Procedure / Documentation | B82: Latent.2
A83: Leadership / Supervision | B83: Latent.3
A84: Planning / Risk Assessment | B84: Latent.4
A85: Engineering / Design | B85: Latent.5
A88: LEVEL 1 | B88: LEVEL 2 | C88: Latent.L2.Codes | D88: PENJELASAN DETAIL
A89: Competency / Training | B89: Inadequate technical understanding | C89: Latent2.1 | D89: Personel tidak memahami aspek teknikal pekerjaan atau safeguard.
A90: Competency / Training | B90: Hazard recognition weakness | C90: Latent2.2 | D90: Personel tidak mampu mengenali hazard aktual pekerjaan.
A91: Competency / Training | B91: Critical safeguard misunderstanding | C91: Latent2.3 | D91: Critical safeguard dipahami tidak sesuai intent engineering/safety.
A92: Competency / Training | B92: Inadequate engineering understanding | C92: Latent2.4 | D92: Pemahaman engineering consequence lemah.
A93: Competency / Training | B93: Inadequate emergency response competency | C93: Latent2.5 | D93: Kompetensi emergency response/rescue tidak memadai.
A94: Competency / Training | B94: Inadequate SWA understanding | C94: Latent2.6 | D94: Trigger dan penggunaan SWA tidak dipahami baik.
A95: Competency / Training | B95: Inadequate permit understanding | C95: Latent2.7 | D95: Requirement permit/PTW tidak dipahami secara teknikal.
A96: Competency / Training | B96: Inadequate isolation understanding | C96: Latent2.8 | D96: Filosofi dan implementasi isolasi energi tidak dipahami.
A97: Competency / Training | B97: Inadequate WAH understanding | C97: Latent2.9 | D97: Hierarchy of control WAH tidak dipahami.
A98: Competency / Training | B98: Inadequate SimOps understanding | C98: Latent2.10 | D98: Risiko operasi simultan tidak dipahami.
A99: Competency / Training | B99: Training quality weakness | C99: Latent2.11 | D99: Materi training terlalu administratif dan tidak membangun critical thinking.
... A137: Engineering / Design | B137: Unsafe access/egress design | C137: Latent2.49 | D137: Jalur akses/evakuasi tidak aman.
A142: Protocols | B142: Remarks
A143: Protocols | B143: Remarks
A144: T&E | B144: Tools & Equipment
A145: LoF | B145: Line of Fire
A146: HW | B146: Hot Work
A147: CSE | B147: Confined Space Entry
A148: IHE | B148: Powered System / Isolation of Hazardous Energy
A149: L&R | B149: Lifting & Rigging
A150: WAH | B150: Work at Height
A151: GD | B151: Ground Disturbance or Excavation
A152: WBA | B152: Water-Based Work Activities
A153: LT | B153: Land Transportation
... A160: SimOps | B160: Simultaneous Operations

Sheet ANALYZE-CONFORMANCE_SCORE
A1: Obs_ID | B1: Protocol_Code | C1: Protocol_Name | D1: Observation_Date | E1: Zona | F1: Site | G1: Area_Equipment | H1: Activity | I1: Company | J1: Observer_1 | K1: Observer_2 | L1: Observer_3 | M1: YES_Count | N1: NO_Count | O1: NA_Count | P1: Performance_% | Q1: Observation_Sequence | R1: PSIE_Eligible | S1: Observation_Status | T1: Active_Observation | U1: Improvement_ID
A2: OBS-001 | B2: =IF($A2="","",IFERROR(INDEX('INPUT-SIF_Questions'!$H$2:$H$1000,MATCH($A2,'INPUT-SIF_Questions'!$A$2:$A$1000,0)),"")) -> WAH | C2: =IF($A2="","",IFERROR(INDEX('INPUT-SIF_Questions'!$I$2:$I$1000,MATCH($A2,'INPUT-SIF_Questions'!$A$2:$A$1000,0)),"")) -> Work at Height | D2: =IF($A2="","",IFERROR(INDEX('INPUT-SIF_Questions'!$S$2:$S$1000,MATCH($A2,'INPUT-SIF_Questions'!$A$2:$A$1000,0)),"")) -> 46156 | E2: =IF($A2="","",IFERROR(INDEX('INPUT-SIF_Questions'!$V$2:$V$1000,MATCH($A2,'INPUT-SIF_Questions'!$A$2:$A$1000,0)),"")) -> 13 | F2: =IF($A2="","",IFERROR(INDEX('INPUT-SIF_Questions'!$W$2:$W$1000,MATCH($A2,'INPUT-SIF_Questions'!$A$2:$A$1000,0)),"")) -> CPP MATINDOK | G2: =IF($A2="","",IFERROR(INDEX('INPUT-SIF_Questions'!$X$2:$X$1000,MATCH($A2,'INPUT-SIF_Questions'!$A$2:$A$1000,0)),"")) -> GTG Area | H2: =IF($A2="","",IFERROR(INDEX('INPUT-SIF_Questions'!$Y$2:$Y$1000,MATCH($A2,'INPUT-SIF_Questions'!$A$2:$A$1000,0)),"")) -> Scaffolding Dismantling | I2: =IF($A2="","",IFERROR(INDEX('INPUT-SIF_Questions'!$Z$2:$Z$1000,MATCH($A2,'INPUT-SIF_Questions'!$A$2:$A$1000,0)),"")) -> PT Petro Teknik Konstruksi | J2: =IF($A2="","",IFERROR(INDEX('INPUT-SIF_Questions'!$AA$2:$AA$1000,MATCH($A2,'INPUT-SIF_Questions'!$A$2:$A$1000,0)),"")) -> Iman Sudirman | K2: =IF($A2="","",IFERROR(INDEX('INPUT-SIF_Questions'!$AB$2:$AB$1000,MATCH($A2,'INPUT-SIF_Questions'!$A$2:$A$1000,0)),"")) -> Endong Darwilisan Yahya | L2: =IF($A2="","",IFERROR(INDEX('INPUT-SIF_Questions'!$AC$2:$AC$1000,MATCH($A2,'INPUT-SIF_Questions'!$A$2:$A$1000,0)),"")) -> Wayan Edi Wijaya | M2: =IF($A2="","",COUNTIFS('INPUT-SIF_Questions'!$A$2:$A$1000,$A2,'INPUT-SIF_Questions'!$M$2:$M$1000,1)) -> 4 | N2: =IF($A2="","",COUNTIFS('INPUT-SIF_Questions'!$A$2:$A$1000,$A2,'INPUT-SIF_Questions'!$N$2:$N$1000,1)) -> 5 | O2: =IF($A2="","",COUNTIFS('INPUT-SIF_Questions'!$A$2:$A$1000,$A2,'INPUT-SIF_Questions'!$O$2:$O$1000,1)) -> 0 | P2: =IF($A2="","",IFERROR(M2/(M2+N2),0)) -> 0.44444444 | Q2: =IF($A2="","",IFERROR(INDEX('INPUT-SIF_Questions'!$B$2:$B$300,MATCH($A2,'INPUT-SIF_Questions'!$A$2:$A$300,0)),"")) -> 1 | R2: =IF($A2="","",IFERROR(INDEX('INPUT-SIF_Questions'!$C$2:$C$300,MATCH($A2,'INPUT-SIF_Questions'!$A$2:$A$300,0)),"")) -> N | S2: =IF($A2="","",IFERROR(INDEX('INPUT-SIF_Questions'!$F$2:$F$300,MATCH($A2,'INPUT-SIF_Questions'!$A$2:$A$300,0)),"")) -> Baseline | T2: =IF($A2="","",IFERROR(INDEX('INPUT-SIF_Questions'!$G$2:$G$300,MATCH($A2,'INPUT-SIF_Questions'!$A$2:$A$300,0)),"")) -> Y | U2: =IF($A2="","",IFERROR(INDEX('INPUT-SIF_Questions'!$E$2:$E$300,MATCH($A2,'INPUT-SIF_Questions'!$A$2:$A$300,0)),"")) -> 0
A3: OBS-002 | B3: =IF($A3="","",IFERROR(INDEX('INPUT-SIF_Questions'!$H$2:$H$1000,MATCH($A3,'INPUT-SIF_Questions'!$A$2:$A$1000,0)),"")) -> IHE | C3: =IF($A3="","",IFERROR(INDEX('INPUT-SIF_Questions'!$I$2:$I$1000,MATCH($A3,'INPUT-SIF_Questions'!$A$2:$A$1000,0)),"")) -> Powered System / Isolation of Hazardous Energy | D3: =IF($A3="","",IFERROR(INDEX('INPUT-SIF_Questions'!$S$2:$S$1000,MATCH($A3,'INPUT-SIF_Questions'!$A$2:$A$1000,0)),"")) -> 46156 | E3: =IF($A3="","",IFERROR(INDEX('INPUT-SIF_Questions'!$V$2:$V$1000,MATCH($A3,'INPUT-SIF_Questions'!$A$2:$A$1000,0)),"")) -> 13 | F3: =IF($A3="","",IFERROR(INDEX('INPUT-SIF_Questions'!$W$2:$W$1000,MATCH($A3,'INPUT-SIF_Questions'!$A$2:$A$1000,0)),"")) -> CPP MATINDOK | G3: =IF($A3="","",IFERROR(INDEX('INPUT-SIF_Questions'!$X$2:$X$1000,MATCH($A3,'INPUT-SIF_Questions'!$A$2:$A$1000,0)),"")) -> Condensate Transfer pump | H3: =IF($A3="","",IFERROR(INDEX('INPUT-SIF_Questions'!$Y$2:$Y$1000,MATCH($A3,'INPUT-SIF_Questions'!$A$2:$A$1000,0)),"")) -> Pump Overhaul Activity | I3: =IF($A3="","",IFERROR(INDEX('INPUT-SIF_Questions'!$Z$2:$Z$1000,MATCH($A3,'INPUT-SIF_Questions'!$A$2:$A$1000,0)),"")) -> PT Petro Teknik Konstruksi | J3: =IF($A3="","",IFERROR(INDEX('INPUT-SIF_Questions'!$AA$2:$AA$1000,MATCH($A3,'INPUT-SIF_Questions'!$A$2:$A$1000,0)),"")) -> Iman Sudirman | K3: =IF($A3="","",IFERROR(INDEX('INPUT-SIF_Questions'!$AB$2:$AB$1000,MATCH($A3,'INPUT-SIF_Questions'!$A$2:$A$1000,0)),"")) -> Endong Darwilisan Yahya | L3: =IF($A3="","",IFERROR(INDEX('INPUT-SIF_Questions'!$AC$2:$AC$1000,MATCH($A3,'INPUT-SIF_Questions'!$A$2:$A$1000,0)),"")) -> Wayan Edi Wijaya | M3: =IF($A3="","",COUNTIFS('INPUT-SIF_Questions'!$A$2:$A$1000,$A3,'INPUT-SIF_Questions'!$M$2:$M$1000,1)) -> 5 | N3: =IF($A3="","",COUNTIFS('INPUT-SIF_Questions'!$A$2:$A$1000,$A3,'INPUT-SIF_Questions'!$N$2:$N$1000,1)) -> 3 | O3: =IF($A3="","",COUNTIFS('INPUT-SIF_Questions'!$A$2:$A$1000,$A3,'INPUT-SIF_Questions'!$O$2:$O$1000,1)) -> 1 | P3: =IF($A3="","",IFERROR(M3/(M3+N3),0)) -> 0.625 | Q3: =IF($A3="","",IFERROR(INDEX('INPUT-SIF_Questions'!$B$2:$B$300,MATCH($A3,'INPUT-SIF_Questions'!$A$2:$A$300,0)),"")) -> 1 | R3: =IF($A3="","",IFERROR(INDEX('INPUT-SIF_Questions'!$C$2:$C$300,MATCH($A3,'INPUT-SIF_Questions'!$A$2:$A$300,0)),"")) -> N | S3: =IF($A3="","",IFERROR(INDEX('INPUT-SIF_Questions'!$F$2:$F$300,MATCH($A3,'INPUT-SIF_Questions'!$A$2:$A$300,0)),"")) -> Baseline | T3: =IF($A3="","",IFERROR(INDEX('INPUT-SIF_Questions'!$G$2:$G$300,MATCH($A3,'INPUT-SIF_Questions'!$A$2:$A$300,0)),"")) -> Y | U3: =IF($A3="","",IFERROR(INDEX('INPUT-SIF_Questions'!$E$2:$E$300,MATCH($A3,'INPUT-SIF_Questions'!$A$2:$A$300,0)),"")) -> 0
A4: OBS-003 | B4: =IF($A4="","",IFERROR(INDEX('INPUT-SIF_Questions'!$H$2:$H$1000,MATCH($A4,'INPUT-SIF_Questions'!$A$2:$A$1000,0)),"")) -> IHE | C4: =IF($A4="","",IFERROR(INDEX('INPUT-SIF_Questions'!$I$2:$I$1000,MATCH($A4,'INPUT-SIF_Questions'!$A$2:$A$1000,0)),"")) -> Powered System / Isolation of Hazardous Energy | D4: =IF($A4="","",IFERROR(INDEX('INPUT-SIF_Questions'!$S$2:$S$1000,MATCH($A4,'INPUT-SIF_Questions'!$A$2:$A$1000,0)),"")) -> 46157 | E4: =IF($A4="","",IFERROR(INDEX('INPUT-SIF_Questions'!$V$2:$V$1000,MATCH($A4,'INPUT-SIF_Questions'!$A$2:$A$1000,0)),"")) -> 13 | F4: =IF($A4="","",IFERROR(INDEX('INPUT-SIF_Questions'!$W$2:$W$1000,MATCH($A4,'INPUT-SIF_Questions'!$A$2:$A$1000,0)),"")) -> CPP DONGGI | G4: =IF($A4="","",IFERROR(INDEX('INPUT-SIF_Questions'!$X$2:$X$1000,MATCH($A4,'INPUT-SIF_Questions'!$A$2:$A$1000,0)),"")) -> Booster Compressor Area | H4: =IF($A4="","",IFERROR(INDEX('INPUT-SIF_Questions'!$Y$2:$Y$1000,MATCH($A4,'INPUT-SIF_Questions'!$A$2:$A$1000,0)),"")) -> Alignment Booster Compressor #A | I4: =IF($A4="","",IFERROR(INDEX('INPUT-SIF_Questions'!$Z$2:$Z$1000,MATCH($A4,'INPUT-SIF_Questions'!$A$2:$A$1000,0)),"")) -> PT Petro Teknik Konstruksi | J4: =IF($A4="","",IFERROR(INDEX('INPUT-SIF_Questions'!$AA$2:$AA$1000,MATCH($A4,'INPUT-SIF_Questions'!$A$2:$A$1000,0)),"")) -> Iman Sudirman | K4: =IF($A4="","",IFERROR(INDEX('INPUT-SIF_Questions'!$AB$2:$AB$1000,MATCH($A4,'INPUT-SIF_Questions'!$A$2:$A$1000,0)),"")) -> Yoga Swara Jeni Pratama | L4: =IF($A4="","",IFERROR(INDEX('INPUT-SIF_Questions'!$AC$2:$AC$1000,MATCH($A4,'INPUT-SIF_Questions'!$A$2:$A$1000,0)),"")) -> Thamar Thalib Mbau | M4: =IF($A4="","",COUNTIFS('INPUT-SIF_Questions'!$A$2:$A$1000,$A4,'INPUT-SIF_Questions'!$M$2:$M$1000,1)) -> 5 | N4: =IF($A4="","",COUNTIFS('INPUT-SIF_Questions'!$A$2:$A$1000,$A4,'INPUT-SIF_Questions'!$N$2:$N$1000,1)) -> 3 | O4: =IF($A4="","",COUNTIFS('INPUT-SIF_Questions'!$A$2:$A$1000,$A4,'INPUT-SIF_Questions'!$O$2:$O$1000,1)) -> 1 | P4: =IF($A4="","",IFERROR(M4/(M4+N4),0)) -> 0.625 | Q4: =IF($A4="","",IFERROR(INDEX('INPUT-SIF_Questions'!$B$2:$B$300,MATCH($A4,'INPUT-SIF_Questions'!$A$2:$A$300,0)),"")) -> 1 | R4: =IF($A4="","",IFERROR(INDEX('INPUT-SIF_Questions'!$C$2:$C$300,MATCH($A4,'INPUT-SIF_Questions'!$A$2:$A$300,0)),"")) -> N | S4: =IF($A4="","",IFERROR(INDEX('INPUT-SIF_Questions'!$F$2:$F$300,MATCH($A4,'INPUT-SIF_Questions'!$A$2:$A$300,0)),"")) -> Baseline | T4: =IF($A4="","",IFERROR(INDEX('INPUT-SIF_Questions'!$G$2:$G$300,MATCH($A4,'INPUT-SIF_Questions'!$A$2:$A$300,0)),"")) -> Y | U4: =IF($A4="","",IFERROR(INDEX('INPUT-SIF_Questions'!$E$2:$E$300,MATCH($A4,'INPUT-SIF_Questions'!$A$2:$A$300,0)),"")) -> 0
A5: OBS-004 | B5: =IF($A5="","",IFERROR(INDEX('INPUT-SIF_Questions'!$H$2:$H$1000,MATCH($A5,'INPUT-SIF_Questions'!$A$2:$A$1000,0)),"")) -> GD | C5: =IF($A5="","",IFERROR(INDEX('INPUT-SIF_Questions'!$I$2:$I$1000,MATCH($A5,'INPUT-SIF_Questions'!$A$2:$A$1000,0)),"")) -> Ground Disturbance or Excavation | D5: =IF($A5="","",IFERROR(INDEX('INPUT-SIF_Questions'!$S$2:$S$1000,MATCH($A5,'INPUT-SIF_Questions'!$A$2:$A$1000,0)),"")) -> 46157 | E5: =IF($A5="","",IFERROR(INDEX('INPUT-SIF_Questions'!$V$2:$V$1000,MATCH($A5,'INPUT-SIF_Questions'!$A$2:$A$1000,0)),"")) -> 13 | F5: =IF($A5="","",IFERROR(INDEX('INPUT-SIF_Questions'!$W$2:$W$1000,MATCH($A5,'INPUT-SIF_Questions'!$A$2:$A$1000,0)),"")) -> CPP DONGGI | G5: =IF($A5="","",IFERROR(INDEX('INPUT-SIF_Questions'!$X$2:$X$1000,MATCH($A5,'INPUT-SIF_Questions'!$A$2:$A$1000,0)),"")) -> Hydrant Line Area | H5: =IF($A5="","",IFERROR(INDEX('INPUT-SIF_Questions'!$Y$2:$Y$1000,MATCH($A5,'INPUT-SIF_Questions'!$A$2:$A$1000,0)),"")) -> Excavation for Hydrant Pipe Leak Repair | I5: =IF($A5="","",IFERROR(INDEX('INPUT-SIF_Questions'!$Z$2:$Z$1000,MATCH($A5,'INPUT-SIF_Questions'!$A$2:$A$1000,0)),"")) -> PT Petro Teknik Konstruksi | J5: =IF($A5="","",IFERROR(INDEX('INPUT-SIF_Questions'!$AA$2:$AA$1000,MATCH($A5,'INPUT-SIF_Questions'!$A$2:$A$1000,0)),"")) -> Iman Sudirman | K5: =IF($A5="","",IFERROR(INDEX('INPUT-SIF_Questions'!$AB$2:$AB$1000,MATCH($A5,'INPUT-SIF_Questions'!$A$2:$A$1000,0)),"")) -> Yoga Swara Jeni Pratama | L5: =IF($A5="","",IFERROR(INDEX('INPUT-SIF_Questions'!$AC$2:$AC$1000,MATCH($A5,'INPUT-SIF_Questions'!$A$2:$A$1000,0)),"")) -> Thamar Thalib Mbau | M5: =IF($A5="","",COUNTIFS('INPUT-SIF_Questions'!$A$2:$A$1000,$A5,'INPUT-SIF_Questions'!$M$2:$M$1000,1)) -> 2 | N5: =IF($A5="","",COUNTIFS('INPUT-SIF_Questions'!$A$2:$A$1000,$A5,'INPUT-SIF_Questions'!$N$2:$N$1000,1)) -> 2 | O5: =IF($A5="","",COUNTIFS('INPUT-SIF_Questions'!$A$2:$A$1000,$A5,'INPUT-SIF_Questions'!$O$2:$O$1000,1)) -> 1 | P5: =IF($A5="","",IFERROR(M5/(M5+N5),0)) -> 0.5 | Q5: =IF($A5="","",IFERROR(INDEX('INPUT-SIF_Questions'!$B$2:$B$300,MATCH($A5,'INPUT-SIF_Questions'!$A$2:$A$300,0)),"")) -> 1 | R5: =IF($A5="","",IFERROR(INDEX('INPUT-SIF_Questions'!$C$2:$C$300,MATCH($A5,'INPUT-SIF_Questions'!$A$2:$A$300,0)),"")) -> N | S5: =IF($A5="","",IFERROR(INDEX('INPUT-SIF_Questions'!$F$2:$F$300,MATCH($A5,'INPUT-SIF_Questions'!$A$2:$A$300,0)),"")) -> Baseline | T5: =IF($A5="","",IFERROR(INDEX('INPUT-SIF_Questions'!$G$2:$G$300,MATCH($A5,'INPUT-SIF_Questions'!$A$2:$A$300,0)),"")) -> Y | U5: =IF($A5="","",IFERROR(INDEX('INPUT-SIF_Questions'!$E$2:$E$300,MATCH($A5,'INPUT-SIF_Questions'!$A$2:$A$300,0)),"")) -> 0
A6: OBS-005 | B6: =IF($A6="","",IFERROR(INDEX('INPUT-SIF_Questions'!$H$2:$H$1000,MATCH($A6,'INPUT-SIF_Questions'!$A$2:$A$1000,0)),"")) -> WAH | C6: =IF($A6="","",IFERROR(INDEX('INPUT-SIF_Questions'!$I$2:$I$1000,MATCH($A6,'INPUT-SIF_Questions'!$A$2:$A$1000,0)),"")) -> Work at Height | D6: =IF($A6="","",IFERROR(INDEX('INPUT-SIF_Questions'!$S$2:$S$1000,MATCH($A6,'INPUT-SIF_Questions'!$A$2:$A$1000,0)),"")) -> 46163 | E6: =IF($A6="","",IFERROR(INDEX('INPUT-SIF_Questions'!$V$2:$V$1000,MATCH($A6,'INPUT-SIF_Questions'!$A$2:$A$1000,0)),"")) -> 11 | F6: =IF($A6="","",IFERROR(INDEX('INPUT-SIF_Questions'!$W$2:$W$1000,MATCH($A6,'INPUT-SIF_Questions'!$A$2:$A$1000,0)),"")) -> CPP GUNDIH | G6: =IF($A6="","",IFERROR(INDEX('INPUT-SIF_Questions'!$X$2:$X$1000,MATCH($A6,'INPUT-SIF_Questions'!$A$2:$A$1000,0)),"")) -> New GTG Area | H6: =IF($A6="","",IFERROR(INDEX('INPUT-SIF_Questions'!$Y$2:$Y$1000,MATCH($A6,'INPUT-SIF_Questions'!$A$2:$A$1000,0)),"")) -> Erection Struktur Shelter New GTG | I6: =IF($A6="","",IFERROR(INDEX('INPUT-SIF_Questions'!$Z$2:$Z$1000,MATCH($A6,'INPUT-SIF_Questions'!$A$2:$A$1000,0)),"")) -> PT Petrowell Energy | J6: =IF($A6="","",IFERROR(INDEX('INPUT-SIF_Questions'!$AA$2:$AA$1000,MATCH($A6,'INPUT-SIF_Questions'!$A$2:$A$1000,0)),"")) -> Iman Sudirman | K6: =IF($A6="","",IFERROR(INDEX('INPUT-SIF_Questions'!$AB$2:$AB$1000,MATCH($A6,'INPUT-SIF_Questions'!$A$2:$A$1000,0)),"")) -> Andy Kurniawan | L6: =IF($A6="","",IFERROR(INDEX('INPUT-SIF_Questions'!$AC$2:$AC$1000,MATCH($A6,'INPUT-SIF_Questions'!$A$2:$A$1000,0)),"")) -> Angga Saptya Pratama & Aldila Faza Zulfah | M6: =IF($A6="","",COUNTIFS('INPUT-SIF_Questions'!$A$2:$A$1000,$A6,'INPUT-SIF_Questions'!$M$2:$M$1000,1)) -> 3 | N6: =IF($A6="","",COUNTIFS('INPUT-SIF_Questions'!$A$2:$A$1000,$A6,'INPUT-SIF_Questions'!$N$2:$N$1000,1)) -> 6 | O6: =IF($A6="","",COUNTIFS('INPUT-SIF_Questions'!$A$2:$A$1000,$A6,'INPUT-SIF_Questions'!$O$2:$O$1000,1)) -> 0 | P6: =IF($A6="","",IFERROR(M6/(M6+N6),0)) -> 0.33333333 | Q6: =IF($A6="","",IFERROR(INDEX('INPUT-SIF_Questions'!$B$2:$B$300,MATCH($A6,'INPUT-SIF_Questions'!$A$2:$A$300,0)),"")) -> 1 | R6: =IF($A6="","",IFERROR(INDEX('INPUT-SIF_Questions'!$C$2:$C$300,MATCH($A6,'INPUT-SIF_Questions'!$A$2:$A$300,0)),"")) -> N | S6: =IF($A6="","",IFERROR(INDEX('INPUT-SIF_Questions'!$F$2:$F$300,MATCH($A6,'INPUT-SIF_Questions'!$A$2:$A$300,0)),"")) -> Baseline | T6: =IF($A6="","",IFERROR(INDEX('INPUT-SIF_Questions'!$G$2:$G$300,MATCH($A6,'INPUT-SIF_Questions'!$A$2:$A$300,0)),"")) -> Y | U6: =IF($A6="","",IFERROR(INDEX('INPUT-SIF_Questions'!$E$2:$E$300,MATCH($A6,'INPUT-SIF_Questions'!$A$2:$A$300,0)),"")) -> 0
A7: OBS-006 | B7: =IF($A7="","",IFERROR(INDEX('INPUT-SIF_Questions'!$H$2:$H$1000,MATCH($A7,'INPUT-SIF_Questions'!$A$2:$A$1000,0)),"")) -> WAH | C7: =IF($A7="","",IFERROR(INDEX('INPUT-SIF_Questions'!$I$2:$I$1000,MATCH($A7,'INPUT-SIF_Questions'!$A$2:$A$1000,0)),"")) -> Work at Height | D7: =IF($A7="","",IFERROR(INDEX('INPUT-SIF_Questions'!$S$2:$S$1000,MATCH($A7,'INPUT-SIF_Questions'!$A$2:$A$1000,0)),"")) -> 46164 | E7: =IF($A7="","",IFERROR(INDEX('INPUT-SIF_Questions'!$V$2:$V$1000,MATCH($A7,'INPUT-SIF_Questions'!$A$2:$A$1000,0)),"")) -> 11 | F7: =IF($A7="","",IFERROR(INDEX('INPUT-SIF_Questions'!$W$2:$W$1000,MATCH($A7,'INPUT-SIF_Questions'!$A$2:$A$1000,0)),"")) -> CPP GUNDIH | G7: =IF($A7="","",IFERROR(INDEX('INPUT-SIF_Questions'!$X$2:$X$1000,MATCH($A7,'INPUT-SIF_Questions'!$A$2:$A$1000,0)),"")) -> GSU / existing pipe rack near New Structure Heat Exchanger | H7: =IF($A7="","",IFERROR(INDEX('INPUT-SIF_Questions'!$Y$2:$Y$1000,MATCH($A7,'INPUT-SIF_Questions'!$A$2:$A$1000,0)),"")) -> Scaffolding / Work at Height at Heat Exchanger area | I7: =IF($A7="","",IFERROR(INDEX('INPUT-SIF_Questions'!$Z$2:$Z$1000,MATCH($A7,'INPUT-SIF_Questions'!$A$2:$A$1000,0)),"")) -> BUMDES (Subcont. PETROWELL ENERGY) | J7: =IF($A7="","",IFERROR(INDEX('INPUT-SIF_Questions'!$AA$2:$AA$1000,MATCH($A7,'INPUT-SIF_Questions'!$A$2:$A$1000,0)),"")) -> Andy Kurniawan | K7: =IF($A7="","",IFERROR(INDEX('INPUT-SIF_Questions'!$AB$2:$AB$1000,MATCH($A7,'INPUT-SIF_Questions'!$A$2:$A$1000,0)),"")) -> Iman Sudirman | L7: =IF($A7="","",IFERROR(INDEX('INPUT-SIF_Questions'!$AC$2:$AC$1000,MATCH($A7,'INPUT-SIF_Questions'!$A$2:$A$1000,0)),"")) -> Aldila Faza Zulfah | M7: =IF($A7="","",COUNTIFS('INPUT-SIF_Questions'!$A$2:$A$1000,$A7,'INPUT-SIF_Questions'!$M$2:$M$1000,1)) -> 3 | N7: =IF($A7="","",COUNTIFS('INPUT-SIF_Questions'!$A$2:$A$1000,$A7,'INPUT-SIF_Questions'!$N$2:$N$1000,1)) -> 6 | O7: =IF($A7="","",COUNTIFS('INPUT-SIF_Questions'!$A$2:$A$1000,$A7,'INPUT-SIF_Questions'!$O$2:$O$1000,1)) -> 0 | P7: =IF($A7="","",IFERROR(M7/(M7+N7),0)) -> 0.33333333 | Q7: =IF($A7="","",IFERROR(INDEX('INPUT-SIF_Questions'!$B$2:$B$300,MATCH($A7,'INPUT-SIF_Questions'!$A$2:$A$300,0)),"")) -> 1 | R7: =IF($A7="","",IFERROR(INDEX('INPUT-SIF_Questions'!$C$2:$C$300,MATCH($A7,'INPUT-SIF_Questions'!$A$2:$A$300,0)),"")) -> N | S7: =IF($A7="","",IFERROR(INDEX('INPUT-SIF_Questions'!$F$2:$F$300,MATCH($A7,'INPUT-SIF_Questions'!$A$2:$A$300,0)),"")) -> Baseline | T7: =IF($A7="","",IFERROR(INDEX('INPUT-SIF_Questions'!$G$2:$G$300,MATCH($A7,'INPUT-SIF_Questions'!$A$2:$A$300,0)),"")) -> Y | U7: =IF($A7="","",IFERROR(INDEX('INPUT-SIF_Questions'!$E$2:$E$300,MATCH($A7,'INPUT-SIF_Questions'!$A$2:$A$300,0)),"")) -> 0
A8: OBS-007 | B8: =IF($A8="","",IFERROR(INDEX('INPUT-SIF_Questions'!$H$2:$H$1000,MATCH($A8,'INPUT-SIF_Questions'!$A$2:$A$1000,0)),"")) -> CSE | C8: =IF($A8="","",IFERROR(INDEX('INPUT-SIF_Questions'!$I$2:$I$1000,MATCH($A8,'INPUT-SIF_Questions'!$A$2:$A$1000,0)),"")) -> Confined Space Entry | D8: =IF($A8="","",IFERROR(INDEX('INPUT-SIF_Questions'!$S$2:$S$1000,MATCH($A8,'INPUT-SIF_Questions'!$A$2:$A$1000,0)),"")) -> 46177 | E8: =IF($A8="","",IFERROR(INDEX('INPUT-SIF_Questions'!$V$2:$V$1000,MATCH($A8,'INPUT-SIF_Questions'!$A$2:$A$1000,0)),"")) -> 11 | F8: =IF($A8="","",IFERROR(INDEX('INPUT-SIF_Questions'!$W$2:$W$1000,MATCH($A8,'INPUT-SIF_Questions'!$A$2:$A$1000,0)),"")) -> CPP GUNDIH | G8: =IF($A8="","",IFERROR(INDEX('INPUT-SIF_Questions'!$X$2:$X$1000,MATCH($A8,'INPUT-SIF_Questions'!$A$2:$A$1000,0)),"")) -> Sub Station Building (SSB) / cable tray below SSB | H8: =IF($A8="","",IFERROR(INDEX('INPUT-SIF_Questions'!$Y$2:$Y$1000,MATCH($A8,'INPUT-SIF_Questions'!$A$2:$A$1000,0)),"")) -> Cable pulling in confined space below SSB | I8: =IF($A8="","",IFERROR(INDEX('INPUT-SIF_Questions'!$Z$2:$Z$1000,MATCH($A8,'INPUT-SIF_Questions'!$A$2:$A$1000,0)),"")) -> PT. Indoturbine | J8: =IF($A8="","",IFERROR(INDEX('INPUT-SIF_Questions'!$AA$2:$AA$1000,MATCH($A8,'INPUT-SIF_Questions'!$A$2:$A$1000,0)),"")) -> Andy Kurniawan | K8: =IF($A8="","",IFERROR(INDEX('INPUT-SIF_Questions'!$AB$2:$AB$1000,MATCH($A8,'INPUT-SIF_Questions'!$A$2:$A$1000,0)),"")) -> Johan Evvryn | L8: =IF($A8="","",IFERROR(INDEX('INPUT-SIF_Questions'!$AC$2:$AC$1000,MATCH($A8,'INPUT-SIF_Questions'!$A$2:$A$1000,0)),"")) -> 0 | M8: =IF($A8="","",COUNTIFS('INPUT-SIF_Questions'!$A$2:$A$1000,$A8,'INPUT-SIF_Questions'!$M$2:$M$1000,1)) -> 4 | N8: =IF($A8="","",COUNTIFS('INPUT-SIF_Questions'!$A$2:$A$1000,$A8,'INPUT-SIF_Questions'!$N$2:$N$1000,1)) -> 2 | O8: =IF($A8="","",COUNTIFS('INPUT-SIF_Questions'!$A$2:$A$1000,$A8,'INPUT-SIF_Questions'!$O$2:$O$1000,1)) -> 1 | P8: =IF($A8="","",IFERROR(M8/(M8+N8),0)) -> 0.66666667 | Q8: =IF($A8="","",IFERROR(INDEX('INPUT-SIF_Questions'!$B$2:$B$300,MATCH($A8,'INPUT-SIF_Questions'!$A$2:$A$300,0)),"")) -> 1 | R8: =IF($A8="","",IFERROR(INDEX('INPUT-SIF_Questions'!$C$2:$C$300,MATCH($A8,'INPUT-SIF_Questions'!$A$2:$A$300,0)),"")) -> N | S8: =IF($A8="","",IFERROR(INDEX('INPUT-SIF_Questions'!$F$2:$F$300,MATCH($A8,'INPUT-SIF_Questions'!$A$2:$A$300,0)),"")) -> Baseline | T8: =IF($A8="","",IFERROR(INDEX('INPUT-SIF_Questions'!$G$2:$G$300,MATCH($A8,'INPUT-SIF_Questions'!$A$2:$A$300,0)),"")) -> Y | U8: =IF($A8="","",IFERROR(INDEX('INPUT-SIF_Questions'!$E$2:$E$300,MATCH($A8,'INPUT-SIF_Questions'!$A$2:$A$300,0)),"")) -> 0
A9: OBS-008 | B9: =IF($A9="","",IFERROR(INDEX('INPUT-SIF_Questions'!$H$2:$H$1000,MATCH($A9,'INPUT-SIF_Questions'!$A$2:$A$1000,0)),"")) -> CSE | C9: =IF($A9="","",IFERROR(INDEX('INPUT-SIF_Questions'!$I$2:$I$1000,MATCH($A9,'INPUT-SIF_Questions'!$A$2:$A$1000,0)),"")) -> Confined Space Entry | D9: =IF($A9="","",IFERROR(INDEX('INPUT-SIF_Questions'!$S$2:$S$1000,MATCH($A9,'INPUT-SIF_Questions'!$A$2:$A$1000,0)),"")) -> 46178 | E9: =IF($A9="","",IFERROR(INDEX('INPUT-SIF_Questions'!$V$2:$V$1000,MATCH($A9,'INPUT-SIF_Questions'!$A$2:$A$1000,0)),"")) -> 11 | F9: =IF($A9="","",IFERROR(INDEX('INPUT-SIF_Questions'!$W$2:$W$1000,MATCH($A9,'INPUT-SIF_Questions'!$A$2:$A$1000,0)),"")) -> MOS MENGGUNG | G9: =IF($A9="","",IFERROR(INDEX('INPUT-SIF_Questions'!$X$2:$X$1000,MATCH($A9,'INPUT-SIF_Questions'!$A$2:$A$1000,0)),"")) -> Tank T-0006 | H9: =IF($A9="","",IFERROR(INDEX('INPUT-SIF_Questions'!$Y$2:$Y$1000,MATCH($A9,'INPUT-SIF_Questions'!$A$2:$A$1000,0)),"")) -> Hot work repair bottom floor inside tank | I9: =IF($A9="","",IFERROR(INDEX('INPUT-SIF_Questions'!$Z$2:$Z$1000,MATCH($A9,'INPUT-SIF_Questions'!$A$2:$A$1000,0)),"")) -> PT. EJJV | J9: =IF($A9="","",IFERROR(INDEX('INPUT-SIF_Questions'!$AA$2:$AA$1000,MATCH($A9,'INPUT-SIF_Questions'!$A$2:$A$1000,0)),"")) -> Andy Kurniawan | K9: =IF($A9="","",IFERROR(INDEX('INPUT-SIF_Questions'!$AB$2:$AB$1000,MATCH($A9,'INPUT-SIF_Questions'!$A$2:$A$1000,0)),"")) -> Yoyok / Fahlevy | L9: =IF($A9="","",IFERROR(INDEX('INPUT-SIF_Questions'!$AC$2:$AC$1000,MATCH($A9,'INPUT-SIF_Questions'!$A$2:$A$1000,0)),"")) -> Budi Handoyo | M9: =IF($A9="","",COUNTIFS('INPUT-SIF_Questions'!$A$2:$A$1000,$A9,'INPUT-SIF_Questions'!$M$2:$M$1000,1)) -> 4 | N9: =IF($A9="","",COUNTIFS('INPUT-SIF_Questions'!$A$2:$A$1000,$A9,'INPUT-SIF_Questions'!$N$2:$N$1000,1)) -> 3 | O9: =IF($A9="","",COUNTIFS('INPUT-SIF_Questions'!$A$2:$A$1000,$A9,'INPUT-SIF_Questions'!$O$2:$O$1000,1)) -> 0 | P9: =IF($A9="","",IFERROR(M9/(M9+N9),0)) -> 0.57142857 | Q9: =IF($A9="","",IFERROR(INDEX('INPUT-SIF_Questions'!$B$2:$B$300,MATCH($A9,'INPUT-SIF_Questions'!$A$2:$A$300,0)),"")) -> 1 | R9: =IF($A9="","",IFERROR(INDEX('INPUT-SIF_Questions'!$C$2:$C$300,MATCH($A9,'INPUT-SIF_Questions'!$A$2:$A$300,0)),"")) -> N | S9: =IF($A9="","",IFERROR(INDEX('INPUT-SIF_Questions'!$F$2:$F$300,MATCH($A9,'INPUT-SIF_Questions'!$A$2:$A$300,0)),"")) -> Baseline | T9: =IF($A9="","",IFERROR(INDEX('INPUT-SIF_Questions'!$G$2:$G$300,MATCH($A9,'INPUT-SIF_Questions'!$A$2:$A$300,0)),"")) -> Y | U9: =IF($A9="","",IFERROR(INDEX('INPUT-SIF_Questions'!$E$2:$E$300,MATCH($A9,'INPUT-SIF_Questions'!$A$2:$A$300,0)),"")) -> 0
A10: OBS-009 | B10: =IF($A10="","",IFERROR(INDEX('INPUT-SIF_Questions'!$H$2:$H$1000,MATCH($A10,'INPUT-SIF_Questions'!$A$2:$A$1000,0)),"")) -> CSE | C10: =IF($A10="","",IFERROR(INDEX('INPUT-SIF_Questions'!$I$2:$I$1000,MATCH($A10,'INPUT-SIF_Questions'!$A$2:$A$1000,0)),"")) -> Confined Space Entry | D10: =IF($A10="","",IFERROR(INDEX('INPUT-SIF_Questions'!$S$2:$S$1000,MATCH($A10,'INPUT-SIF_Questions'!$A$2:$A$1000,0)),"")) -> 46178 | E10: =IF($A10="","",IFERROR(INDEX('INPUT-SIF_Questions'!$V$2:$V$1000,MATCH($A10,'INPUT-SIF_Questions'!$A$2:$A$1000,0)),"")) -> 11 | F10: =IF($A10="","",IFERROR(INDEX('INPUT-SIF_Questions'!$W$2:$W$1000,MATCH($A10,'INPUT-SIF_Questions'!$A$2:$A$1000,0)),"")) -> Gas Plant Lengowangi | G10: =IF($A10="","",IFERROR(INDEX('INPUT-SIF_Questions'!$X$2:$X$1000,MATCH($A10,'INPUT-SIF_Questions'!$A$2:$A$1000,0)),"")) -> Condensate Tank TK-5600 A/B | H10: =IF($A10="","",IFERROR(INDEX('INPUT-SIF_Questions'!$Y$2:$Y$1000,MATCH($A10,'INPUT-SIF_Questions'!$A$2:$A$1000,0)),"")) -> Blasting painting inside condensate tank | I10: =IF($A10="","",IFERROR(INDEX('INPUT-SIF_Questions'!$Z$2:$Z$1000,MATCH($A10,'INPUT-SIF_Questions'!$A$2:$A$1000,0)),"")) -> PT. EJJV | J10: =IF($A10="","",IFERROR(INDEX('INPUT-SIF_Questions'!$AA$2:$AA$1000,MATCH($A10,'INPUT-SIF_Questions'!$A$2:$A$1000,0)),"")) -> Andy Kurniawan | K10: =IF($A10="","",IFERROR(INDEX('INPUT-SIF_Questions'!$AB$2:$AB$1000,MATCH($A10,'INPUT-SIF_Questions'!$A$2:$A$1000,0)),"")) -> Ghofur / Wisnu / Angga Wahyu | L10: =IF($A10="","",IFERROR(INDEX('INPUT-SIF_Questions'!$AC$2:$AC$1000,MATCH($A10,'INPUT-SIF_Questions'!$A$2:$A$1000,0)),"")) -> M. Sadad / Slamet | M10: =IF($A10="","",COUNTIFS('INPUT-SIF_Questions'!$A$2:$A$1000,$A10,'INPUT-SIF_Questions'!$M$2:$M$1000,1)) -> 4 | N10: =IF($A10="","",COUNTIFS('INPUT-SIF_Questions'!$A$2:$A$1000,$A10,'INPUT-SIF_Questions'!$N$2:$N$1000,1)) -> 3 | O10: =IF($A10="","",COUNTIFS('INPUT-SIF_Questions'!$A$2:$A$1000,$A10,'INPUT-SIF_Questions'!$O$2:$O$1000,1)) -> 0 | P10: =IF($A10="","",IFERROR(M10/(M10+N10),0)) -> 0.57142857 | Q10: =IF($A10="","",IFERROR(INDEX('INPUT-SIF_Questions'!$B$2:$B$300,MATCH($A10,'INPUT-SIF_Questions'!$A$2:$A$300,0)),"")) -> 1 | R10: =IF($A10="","",IFERROR(INDEX('INPUT-SIF_Questions'!$C$2:$C$300,MATCH($A10,'INPUT-SIF_Questions'!$A$2:$A$300,0)),"")) -> N | S10: =IF($A10="","",IFERROR(INDEX('INPUT-SIF_Questions'!$F$2:$F$300,MATCH($A10,'INPUT-SIF_Questions'!$A$2:$A$300,0)),"")) -> Baseline | T10: =IF($A10="","",IFERROR(INDEX('INPUT-SIF_Questions'!$G$2:$G$300,MATCH($A10,'INPUT-SIF_Questions'!$A$2:$A$300,0)),"")) -> Y | U10: =IF($A10="","",IFERROR(INDEX('INPUT-SIF_Questions'!$E$2:$E$300,MATCH($A10,'INPUT-SIF_Questions'!$A$2:$A$300,0)),"")) -> 0
A11: OBS-010 | B11: =IF($A11="","",IFERROR(INDEX('INPUT-SIF_Questions'!$H$2:$H$1000,MATCH($A11,'INPUT-SIF_Questions'!$A$2:$A$1000,0)),"")) -> WAH | C11: =IF($A11="","",IFERROR(INDEX('INPUT-SIF_Questions'!$I$2:$I$1000,MATCH($A11,'INPUT-SIF_Questions'!$A$2:$A$1000,0)),"")) -> Work at Height | D11: =IF($A11="","",IFERROR(INDEX('INPUT-SIF_Questions'!$S$2:$S$1000,MATCH($A11,'INPUT-SIF_Questions'!$A$2:$A$1000,0)),"")) -> 46177 | E11: =IF($A11="","",IFERROR(INDEX('INPUT-SIF_Questions'!$V$2:$V$1000,MATCH($A11,'INPUT-SIF_Questions'!$A$2:$A$1000,0)),"")) -> 11 | F11: =IF($A11="","",IFERROR(INDEX('INPUT-SIF_Questions'!$W$2:$W$1000,MATCH($A11,'INPUT-SIF_Questions'!$A$2:$A$1000,0)),"")) -> CPP GUNDIH | G11: =IF($A11="","",IFERROR(INDEX('INPUT-SIF_Questions'!$X$2:$X$1000,MATCH($A11,'INPUT-SIF_Questions'!$A$2:$A$1000,0)),"")) -> New Heat Exchanger steel structure / scaffolding | H11: =IF($A11="","",IFERROR(INDEX('INPUT-SIF_Questions'!$Y$2:$Y$1000,MATCH($A11,'INPUT-SIF_Questions'!$A$2:$A$1000,0)),"")) -> Install steel structure new HE CPP Gundih | I11: =IF($A11="","",IFERROR(INDEX('INPUT-SIF_Questions'!$Z$2:$Z$1000,MATCH($A11,'INPUT-SIF_Questions'!$A$2:$A$1000,0)),"")) -> PT. PETROWELL ENERGY | J11: =IF($A11="","",IFERROR(INDEX('INPUT-SIF_Questions'!$AA$2:$AA$1000,MATCH($A11,'INPUT-SIF_Questions'!$A$2:$A$1000,0)),"")) -> Andy Kurniawan | K11: =IF($A11="","",IFERROR(INDEX('INPUT-SIF_Questions'!$AB$2:$AB$1000,MATCH($A11,'INPUT-SIF_Questions'!$A$2:$A$1000,0)),"")) -> Johan | L11: =IF($A11="","",IFERROR(INDEX('INPUT-SIF_Questions'!$AC$2:$AC$1000,MATCH($A11,'INPUT-SIF_Questions'!$A$2:$A$1000,0)),"")) -> Anwar | M11: =IF($A11="","",COUNTIFS('INPUT-SIF_Questions'!$A$2:$A$1000,$A11,'INPUT-SIF_Questions'!$M$2:$M$1000,1)) -> 2 | N11: =IF($A11="","",COUNTIFS('INPUT-SIF_Questions'!$A$2:$A$1000,$A11,'INPUT-SIF_Questions'!$N$2:$N$1000,1)) -> 7 | O11: =IF($A11="","",COUNTIFS('INPUT-SIF_Questions'!$A$2:$A$1000,$A11,'INPUT-SIF_Questions'!$O$2:$O$1000,1)) -> 0 | P11: =IF($A11="","",IFERROR(M11/(M11+N11),0)) -> 0.22222222 | Q11: =IF($A11="","",IFERROR(INDEX('INPUT-SIF_Questions'!$B$2:$B$300,MATCH($A11,'INPUT-SIF_Questions'!$A$2:$A$300,0)),"")) -> 1 | R11: =IF($A11="","",IFERROR(INDEX('INPUT-SIF_Questions'!$C$2:$C$300,MATCH($A11,'INPUT-SIF_Questions'!$A$2:$A$300,0)),"")) -> N | S11: =IF($A11="","",IFERROR(INDEX('INPUT-SIF_Questions'!$F$2:$F$300,MATCH($A11,'INPUT-SIF_Questions'!$A$2:$A$300,0)),"")) -> Baseline | T11: =IF($A11="","",IFERROR(INDEX('INPUT-SIF_Questions'!$G$2:$G$300,MATCH($A11,'INPUT-SIF_Questions'!$A$2:$A$300,0)),"")) -> Y | U11: =IF($A11="","",IFERROR(INDEX('INPUT-SIF_Questions'!$E$2:$E$300,MATCH($A11,'INPUT-SIF_Questions'!$A$2:$A$300,0)),"")) -> 0
